##Instituição;Cod.IBGE;UF;População;"01 - Legislativa";"02 - Judiciária";"03 - Essencial à Justiça";"04 - Administração";"05 - Defesa Nacional";"06 - Segurança Pública";"07 - Relações Exteriores";"08 - Assistência Social";"09 - Previdência Social";"10 - Saúde";"11 - Trabalho";"12 - Educação";"13 - Cultura";"14 - Direitos da Cidadania";"15 - Urbanismo";"16 - Habitação";"17 - Saneamento";"18 - Gestão Ambiental";"19 - Ciência e Tecnologia";"20 - Agricultura";"21 - Organização Agrária";"22 - Indústria";"23 - Comércio e Serviços";"24 - Comunicações";"25 - Energia";"26 - Transporte";"27 - Desporto e Lazer";"28 - Encargos Especiais";"Despesas (Exceto Intraorçamentárias)";"Despesas (Intraorçamentárias)";lof_absoluto_suav_norm
Prefeitura Municipal de Engenho Velho - RS; 4306924; RS; 1428; 0.60% / 458594.26 / 438555.04; 0.23% / 0 / 7618.61; 0.56% / 0 / 18672.39; 10.11% / 1538781.05 / 1876826.71; 0.03% / 0 / 1124.99; 0.14% / 0 / 4534.39; 0.00% / 0 / 0.00; 0.87% / 531098.11 / 560339.34; 32.71% / 1227701.16 / 133897.86; 1.57% / 2132921.46 / 2185377.72; 0.42% / 0 / 14147.02; 10.36% / 1465052.71 / 1811645.91; 2.86% / 174361.52 / 78778.53; 0.00% / 0 / 0.00; 1.31% / 621077.27 / 664770.69; 0.37% / 35895.35 / 23616.95; 6.34% / 290711.23 / 78653.51; 0.39% / 29177.84 / 42377.35; 0.00% / 0 / 0.00; 3.11% / 651413.69 / 547486.94; 0.84% / 28228.87 / 0.00; 1.30% / 61493.45 / 17913.14; 0.46% / 0 / 15260.32; 0.28% / 0 / 9389.20; 1.50% / 61872.48 / 11679.94; 3.03% / 744103.47 / 845387.35; 1.59% / 29403.05 / 82503.16; 2.76% / 16875.48 / 109046.06; 15.52% / 10098762.45 / 9579603.10; 0.74% / 0 / 24650.70; 2.06
Prefeitura Municipal de Lavandeira - TO; 1712157; TO; 1782; 2.48% / 0 / 439448.59; 0.01% / 0 / 1748.68; 0.00% / 0 / 0.00; 8.13% / 298312.57 / 1739523.23; 0.00% / 0 / 0.00; 0.07% / 0 / 12726.23; 0.00% / 0 / 0.00; 2.16% / 88865.54 / 472522.16; 1.14% / 0 / 202326.96; 10.61% / 395974.88 / 2276872.52; 0.03% / 0 / 4639.68; 10.14% / 199717.44 / 1997146.87; 0.65% / 0 / 114507.02; 0.00% / 0 / 0.00; 2.87% / 48700.25 / 556867.43; 0.15% / 0 / 26602.96; 0.49% / 0 / 87302.24; 0.09% / 11879.94 / 27646.96; 0.00% / 0 / 0.00; 3.30% / 27657.94 / 612620.32; 0.00% / 0 / 0.00; 0.30% / 0 / 52997.02; 0.04% / 0 / 6555.75; 0.02% / 0 / 3681.71; 0.15% / 0 / 26387.09; 4.98% / 0 / 883477.78; 0.84% / 761.79 / 148961.94; 1.15% / 0 / 203015.46; 49.78% / 1071870.35 / 9897578.60; 0.43% / 0 / 76434.89; 1.60
Prefeitura Municipal de Senador Cortes - MG; 3165602; MG; 2046; 2.60% / 0 / 447913.58; 0.00% / 0 / 55.00; 0.00% / 0 / 0.00; 42.03% / 9064679.84 / 1825155.57; 0.00% / 0 / 0.00; 0.06% / 0 / 9691.38; 0.00% / 0 / 0.00; 3.13% / 0 / 539181.22; 1.54% / 0 / 264766.46; 13.58% / 0 / 2339003.48; 0.10% / 0 / 16622.58; 12.06% / 0 / 2076719.96; 0.59% / 0 / 100819.41; 0.00% / 0 / 0.00; 3.09% / 0 / 532664.57; 0.09% / 0 / 15857.80; 0.67% / 0 / 115804.57; 0.24% / 0 / 40914.01; 0.00% / 0 / 0.00; 3.82% / 0 / 658558.22; 0.00% / 0 / 0.00; 0.04% / 0 / 7168.50; 0.07% / 0 / 12713.81; 0.03% / 0 / 5604.12; 0.08% / 0 / 14022.26; 5.86% / 0 / 1009922.66; 0.77% / 0 / 132542.59; 1.32% / 0 / 227458.60; 7.71% / 9064679.84 / 10393160.34; 0.52% / 0 / 89679.28; 3.14
Prefeitura Municipal de Santo Antônio do Palma - RS; 4317558; RS; 2199; 0.40% / 499642.33 / 527506.47; 0.08% / 0 / 5907.59; 0.05% / 0 / 3798.00; 12.66% / 2765019.41 / 1884837.10; 0.01% / 0 / 689.16; 2.65% / 195130.00 / 10873.14; 0.00% / 0 / 0.00; 5.15% / 141114.64 / 499007.79; 2.77% / 0 / 192651.99; 5.95% / 2940658.43 / 2527077.28; 0.12% / 0 / 8162.90; 3.91% / 2069072.33 / 2341113.72; 0.98% / 154758.86 / 86533.34; 0.00% / 0 / 0.00; 1.07% / 546944.60 / 621634.20; 0.33% / 7189.09 / 30235.33; 0.41% / 14110.25 / 42830.26; 1.84% / 159025.56 / 31103.48; 0.00% / 0 / 0.00; 8.63% / 1190276.20 / 589981.90; 0.38% / 26290.00 / 0.00; 11.81% / 841757.18 / 20577.51; 0.47% / 0 / 32774.60; 0.15% / 11387.06 / 1229.50; 0.30% / 0 / 20718.78; 8.89% / 158006.94 / 776021.64; 1.49% / 98218.98 / 201715.05; 4.07% / 476931.81 / 193632.43; 23.66% / 12295533.67 / 10650613.18; 1.75% / 0 / 121804.24; 2.04
Prefeitura Municipal de Timbaúba dos Batistas - RN; 2414308; RN; 2408; 2.79% / 545166.70 / 422535.94; 0.06% / 0 / 2859.99; 0.00% / 0 / 0.00; 4.59% / 1799446.70 / 2001645.57; 0.00% / 0 / 0.00; 0.10% / 0 / 4387.23; 0.00% / 0 / 0.00; 6.35% / 359033.75 / 638450.61; 2.85% / 0 / 125603.87; 13.16% / 1881811.29 / 2460982.41; 0.08% / 0 / 3611.65; 1.29% / 2499356.28 / 2442567.09; 2.58% / 0 / 113700.34; 0.00% / 0 / 0.00; 20.74% / 1695887.59 / 783031.38; 0.83% / 0 / 36360.51; 0.48% / 0 / 21079.34; 0.95% / 0 / 41888.47; 0.00% / 0 / 0.00; 3.66% / 642170.83 / 481233.20; 9.37% / 412468.91 / 0.00; 0.72% / 0 / 31759.86; 0.49% / 0 / 21644.07; 0.00% / 0 / 0.00; 0.31% / 0 / 13768.12; 12.55% / 0 / 552386.14; 2.56% / 0 / 112708.49; 1.33% / 72377.69 / 130820.07; 12.16% / 9907719.74 / 10443024.34; 0.00% / 0 / 0.00; 2.09
Prefeitura Municipal de Galinhos - RN; 2404101; RN; 2516; 1.40% / 0 / 389098.83; 0.01% / 0 / 3040.34; 0.00% / 0 / 0.00; 49.82% / 15808826.33 / 1946813.55; 0.00% / 0 / 0.00; 0.02% / 0 / 5717.07; 0.00% / 0 / 0.00; 1.83% / 0 / 508786.92; 0.58% / 0 / 160634.98; 9.33% / 0 / 2596277.61; 0.03% / 0 / 8237.15; 9.72% / 0 / 2705065.34; 0.41% / 0 / 113835.06; 0.00% / 0 / 613.87; 2.99% / 0 / 830966.00; 0.11% / 0 / 31809.92; 0.22% / 0 / 61199.23; 0.28% / 0 / 76879.77; 0.00% / 0 / 0.00; 1.88% / 0 / 522823.48; 0.00% / 0 / 0.00; 0.04% / 0 / 12230.45; 0.11% / 0 / 30369.48; 0.00% / 0 / 26.69; 0.05% / 0 / 14393.38; 1.85% / 0 / 515753.05; 0.41% / 0 / 113081.09; 0.76% / 0 / 212373.73; 17.79% / 15808826.33 / 10860026.96; 0.36% / 0 / 98948.20; 3.11
Prefeitura Municipal de Rio Doce - MG; 3155009; MG; 2588; 1.75% / 400288.52 / 473489.95; 2.91% / 147614.70 / 25532.11; 0.00% / 0 / 0.00; 5.05% / 1989186.77 / 2201161.30; 0.05% / 0 / 2003.57; 0.45% / 21668.03 / 2804.54; 0.00% / 0 / 0.00; 1.29% / 558934.53 / 612934.90; 3.58% / 130910.63 / 281218.42; 1.57% / 2496501.71 / 2430651.56; 0.36% / 0 / 15229.04; 17.13% / 1805141.00 / 2523443.07; 18.81% / 918290.20 / 129419.58; 0.01% / 0 / 400.41; 10.34% / 958248.00 / 524540.78; 2.69% / 188506.02 / 75585.52; 6.28% / 329625.47 / 66423.86; 0.69% / 17001.08 / 45854.97; 0.00% / 0 / 0.00; 2.93% / 500080.31 / 623173.82; 1.11% / 46626.70 / 0.00; 0.26% / 0 / 10783.05; 0.52% / 0 / 21610.55; 0.01% / 1470.00 / 1221.42; 0.67% / 0 / 28079.13; 0.65% / 590699.32 / 563312.23; 4.48% / 276214.83 / 88175.67; 3.86% / 0 / 161694.40; 11.16% / 11377007.82 / 10908743.83; 1.40% / 0 / 58575.06; 2.10
Prefeitura Municipal de Pinto Bandeira - RS; 4314548; RS; 2800; 4.43% / 0 / 408024.92; 0.49% / 0 / 45440.47; 0.00% / 0 / 0.00; 10.85% / 2818263.85 / 1818250.43; 0.00% / 0 / 0.00; 0.14% / 21000.00 / 7971.75; 0.00% / 0 / 0.00; 4.91% / 313.00 / 452575.25; 4.37% / 0 / 402809.62; 8.80% / 1660784.27 / 2471568.95; 0.00% / 0 / 159.50; 10.51% / 1553914.84 / 2522118.01; 0.68% / 51370.66 / 114480.06; 0.00% / 0 / 0.00; 6.18% / 136145.87 / 705502.32; 0.05% / 0 / 5003.35; 2.82% / 382928.77 / 123132.52; 0.17% / 24357.82 / 8302.31; 0.00% / 0 / 0.00; 0.53% / 438747.87 / 487684.04; 0.00% / 0 / 0.00; 0.81% / 0 / 75057.27; 0.43% / 454.05 / 40336.79; 0.04% / 0 / 3314.17; 0.40% / 0 / 36553.19; 3.67% / 453539.07 / 791701.43; 0.92% / 49283.34 / 134272.76; 2.20% / 0 / 202834.10; 35.44% / 7591103.41 / 10857093.18; 1.14% / 0 / 105313.82; 1.99
Prefeitura Municipal de Três Ranchos - GO; 5221304; GO; 2896; 1.58% / 590360.26 / 484793.27; 0.29% / 2315.97 / 21867.52; 0.00% / 0 / 0.00; 0.87% / 2158678.86 / 2100311.57; 0.00% / 0 / 0.00; 0.17% / 26607.58 / 15337.73; 0.00% / 0 / 0.00; 2.62% / 716902.76 / 541496.04; 11.77% / 975337.21 / 188545.89; 1.11% / 2613494.07 / 2687397.07; 0.17% / 0 / 11147.12; 9.11% / 2143758.26 / 2753174.34; 0.25% / 109701.99 / 126274.81; 0.01% / 0 / 344.64; 10.18% / 1462046.01 / 781071.80; 0.39% / 0 / 26246.39; 1.64% / 8928.25 / 118494.93; 0.24% / 78026.53 / 61969.66; 0.00% / 0 / 0.00; 0.41% / 546277.10 / 573875.64; 0.30% / 20252.49 / 0.00; 0.69% / 810.00 / 46915.40; 5.30% / 369682.59 / 15127.95; 0.08% / 0 / 5136.76; 0.61% / 0 / 40925.17; 3.02% / 934771.57 / 732694.61; 2.75% / 313160.60 / 129337.11; 10.55% / 902732.20 / 197403.38; 34.60% / 13973844.30 / 11659888.82; 1.30% / 0 / 86616.24; 2.19
Prefeitura Municipal de Argirita - MG; 3104403; MG; 2907; 2.54% / 0 / 488127.25; 0.11% / 0 / 21867.52; 0.00% / 0 / 0.00; 39.92% / 9836886.56 / 2175192.11; 0.00% / 0 / 0.00; 0.09% / 0 / 16380.19; 0.00% / 0 / 0.00; 2.91% / 0 / 558293.18; 0.78% / 0 / 149643.05; 14.03% / 0 / 2693068.88; 0.06% / 0 / 11147.12; 14.61% / 0 / 2803242.28; 0.47% / 0 / 90820.09; 0.00% / 0 / 344.64; 3.79% / 0 / 726997.69; 0.36% / 0 / 69140.54; 0.54% / 0 / 103279.38; 0.35% / 0 / 67624.88; 0.00% / 0 / 0.00; 2.94% / 0 / 563923.50; 0.00% / 0 / 0.00; 0.21% / 0 / 40205.56; 0.08% / 0 / 15127.95; 0.03% / 0 / 5136.76; 0.22% / 0 / 42088.30; 3.92% / 0 / 752205.05; 0.70% / 0 / 134821.74; 1.03% / 0 / 198355.50; 9.85% / 9836886.56 / 11727033.17; 0.45% / 0 / 86616.24; 3.14
Prefeitura Municipal de São Bento do Norte - RN; 2411601; RN; 2935; 2.64% / 0 / 507848.31; 0.04% / 0 / 7837.48; 0.00% / 0 / 0.00; 46.74% / 11029020.28 / 2032418.48; 0.00% / 0 / 0.00; 0.06% / 0 / 11191.48; 0.00% / 0 / 0.00; 2.91% / 0 / 559599.05; 0.53% / 0 / 102952.84; 13.90% / 0 / 2674717.48; 0.08% / 0 / 14843.27; 15.48% / 0 / 2979081.22; 0.59% / 0 / 113685.36; 0.00% / 0 / 315.60; 4.02% / 0 / 773298.07; 0.33% / 0 / 63241.07; 0.37% / 0 / 70910.34; 0.31% / 0 / 59639.85; 0.00% / 0 / 0.00; 2.71% / 0 / 522216.31; 0.00% / 0 / 0.00; 0.19% / 0 / 36354.53; 0.15% / 0 / 29686.27; 0.02% / 0 / 3053.98; 0.31% / 0 / 59910.40; 3.77% / 0 / 726254.16; 0.61% / 0 / 118292.65; 0.94% / 0 / 180386.88; 3.21% / 11029020.28 / 11647735.10; 0.10% / 0 / 18726.08; 3.14
Prefeitura Municipal de Figueirão - MS; 5003900; MS; 3005; 4.00% / 949764.56 / 486299.96; 0.16% / 0 / 18731.49; 1.01% / 128346.93 / 11626.68; 20.21% / 4668115.54 / 2323806.81; 0.00% / 0 / 0.00; 0.09% / 0 / 10376.95; 0.00% / 0 / 0.00; 2.05% / 852337.47 / 614630.92; 2.75% / 0 / 318650.46; 10.25% / 3831583.51 / 2642852.99; 1.30% / 172492.05 / 21292.35; 9.05% / 4039616.53 / 2990180.80; 1.21% / 0 / 140777.38; 0.00% / 0 / 133.15; 0.58% / 889657.23 / 821917.73; 0.11% / 2503.40 / 15788.08; 0.62% / 20277.82 / 91652.51; 0.84% / 61826.56 / 159095.49; 0.00% / 0 / 0.00; 2.96% / 0 / 343149.82; 1.35% / 156360.86 / 0.00; 0.02% / 0 / 2820.43; 0.07% / 0 / 7822.31; 0.07% / 0 / 7692.36; 0.16% / 0 / 18481.14; 1.51% / 138621.27 / 314013.14; 1.39% / 24979.44 / 186039.20; 1.38% / 0 / 160112.73; 36.46% / 15936483.17 / 11707944.90; 0.40% / 0 / 46725.83; 1.98
Prefeitura Municipal de Albertina - MG; 3101409; MG; 3025; 7.73% / 0 / 445511.41; 0.02% / 16002.95 / 17091.70; 0.18% / 1116.58 / 11626.68; 3.11% / 2319537.56 / 2140057.52; 0.00% / 0 / 0.00; 0.11% / 0 / 6117.69; 0.00% / 0 / 0.00; 7.96% / 91678.53 / 550285.90; 3.57% / 0 / 205837.92; 0.88% / 2488495.49 / 2437836.15; 0.67% / 0 / 38883.05; 4.76% / 3065291.62 / 2791089.55; 1.38% / 43820.20 / 123358.89; 1.03% / 59096.71 / 0.00; 13.85% / 75069.36 / 873448.59; 0.39% / 0 / 22719.06; 1.44% / 239624.65 / 156343.80; 0.83% / 7916.00 / 55555.17; 0.00% / 0 / 0.00; 8.28% / 0 / 477229.65; 0.00% / 0 / 0.00; 0.39% / 0 / 22415.91; 0.77% / 5000.00 / 49395.32; 0.13% / 2250.00 / 9493.52; 0.45% / 0 / 26015.67; 1.29% / 237319.17 / 311867.64; 1.25% / 38290.00 / 110536.70; 0.12% / 131145.99 / 137779.65; 38.14% / 8821654.81 / 11020497.14; 1.27% / 0 / 73353.26; 1.50
Prefeitura Municipal de Desterro do Melo - MG; 3121506; MG; 3048; 0.73% / 475052.72 / 451890.20; 2.20% / 86189.20 / 16507.90; 0.00% / 0 / 0.00; 11.70% / 1709404.93 / 2080878.69; 0.00% / 0 / 17.68; 0.22% / 10995.01 / 4150.89; 0.00% / 0 / 0.00; 3.33% / 496827.20 / 602650.33; 0.90% / 131133.57 / 159585.21; 3.89% / 2400469.74 / 2524039.81; 1.81% / 108103.78 / 50569.34; 1.21% / 2864652.94 / 2826088.03; 13.95% / 574616.98 / 131789.22; 0.00% / 0 / 0.00; 0.35% / 792575.76 / 803729.78; 0.67% / 44135.40 / 22736.12; 4.93% / 0 / 156364.02; 2.04% / 0 / 64675.45; 0.00% / 0 / 0.00; 14.59% / 0 / 463254.54; 6.52% / 206967.61 / 0.00; 0.76% / 0 / 24126.03; 0.97% / 25289.02 / 56001.87; 0.71% / 33026.56 / 10348.65; 0.80% / 0 / 25236.95; 1.73% / 550533.98 / 495522.44; 2.66% / 16929.10 / 101265.97; 2.06% / 117492.53 / 182801.97; 19.21% / 10644396.03 / 11254231.10; 2.05% / 0 / 65073.40; 2.13
Prefeitura Municipal de Comendador Gomes - MG; 3116902; MG; 3105; 1.84% / 0 / 424325.21; 0.04% / 0 / 10220.52; 0.00% / 0 / 0.00; 49.81% / 13583618.87 / 2100982.79; 0.00% / 0 / 0.00; 0.03% / 0 / 7815.14; 0.00% / 0 / 0.00; 3.04% / 0 / 700174.85; 0.74% / 0 / 170605.74; 12.46% / 0 / 2873657.96; 0.14% / 0 / 32157.89; 12.80% / 0 / 2951136.03; 0.61% / 0 / 141255.48; 0.00% / 0 / 0.00; 4.14% / 0 / 953545.82; 0.19% / 0 / 43239.06; 0.34% / 0 / 78185.45; 0.44% / 0 / 101437.99; 0.00% / 0 / 0.00; 1.58% / 0 / 364782.54; 0.00% / 0 / 0.00; 0.12% / 0 / 27425.29; 0.12% / 0 / 27583.67; 0.02% / 0 / 5034.13; 0.06% / 0 / 12993.25; 2.09% / 0 / 482081.80; 0.83% / 0 / 190222.06; 0.74% / 0 / 171712.72; 7.43% / 13583618.87 / 11870575.41; 0.39% / 0 / 89392.37; 3.14
Prefeitura Municipal de Alvinlândia - SP; 3501509; SP; 3153; 3.36% / 571899.48 / 455174.71; 1.42% / 0 / 49271.03; 0.00% / 0 / 0.00; 5.14% / 1845559.78 / 2024079.65; 0.03% / 0 / 936.23; 0.27% / 0 / 9468.01; 0.00% / 0 / 0.00; 3.33% / 541775.13 / 657596.12; 6.05% / 0 / 210052.82; 0.13% / 2707773.74 / 2712161.61; 0.68% / 0 / 23545.91; 9.26% / 3435018.26 / 3113258.29; 3.54% / 0 / 123099.45; 0.00% / 0 / 0.00; 4.03% / 782178.62 / 922201.42; 0.48% / 0 / 16608.48; 5.87% / 261774.98 / 57916.29; 2.60% / 0 / 90387.18; 0.00% / 0 / 0.00; 10.19% / 0 / 354112.34; 4.12% / 143010.15 / 0.00; 0.03% / 15732.01 / 16669.97; 0.26% / 0 / 9109.71; 0.16% / 0 / 5495.83; 0.23% / 0 / 8145.19; 7.93% / 182643.05 / 458159.16; 1.49% / 161333.11 / 213220.94; 1.13% / 194790.29 / 234102.92; 26.52% / 10843488.60 / 11764773.28; 1.75% / 0 / 60972.81; 2.16
Prefeitura Municipal de Rio dos Índios - RS; 4315552; RS; 3473; 1.79% / 0 / 438174.28; 0.05% / 0 / 11644.63; 0.00% / 0 / 0.00; 49.82% / 14412974.36 / 2214981.79; 0.01% / 0 / 2886.36; 0.02% / 0 / 6018.85; 0.00% / 0 / 0.00; 2.27% / 0 / 555455.48; 1.20% / 0 / 292768.55; 11.48% / 0 / 2811844.01; 0.04% / 0 / 10624.10; 11.91% / 0 / 2915942.61; 0.51% / 0 / 125926.80; 0.00% / 0 / 0.00; 3.25% / 0 / 795714.82; 0.14% / 0 / 34370.74; 0.30% / 0 / 74507.63; 0.17% / 0 / 41258.52; 0.00% / 0 / 0.00; 1.06% / 0 / 260354.02; 0.00% / 0 / 0.00; 0.01% / 0 / 3629.93; 0.03% / 0 / 7103.27; 0.01% / 0 / 3064.24; 0.21% / 0 / 51356.54; 1.70% / 0 / 415397.86; 0.49% / 0 / 121156.37; 0.74% / 0 / 180089.50; 12.41% / 14412974.36 / 11374270.90; 0.36% / 0 / 87652.76; 3.11
Prefeitura Municipal de Santa Carmem - MT; 5107248; MT; 4256; 3.51% / 740921.38 / 493693.79; 0.16% / 0 / 11598.54; 0.00% / 0 / 0.00; 14.85% / 3102093.99 / 2057195.01; 0.01% / 0 / 778.20; 0.27% / 26140.59 / 7347.12; 0.00% / 0 / 0.00; 3.31% / 873701.65 / 641074.26; 2.77% / 0 / 194800.19; 10.11% / 3801178.99 / 3089801.75; 2.22% / 176274.31 / 19931.64; 13.52% / 4387906.41 / 3436854.57; 0.23% / 149033.20 / 165343.27; 0.01% / 0 / 639.00; 0.04% / 1006793.36 / 1004057.17; 0.47% / 7900.00 / 40983.05; 1.04% / 0 / 73021.61; 0.66% / 6438.32 / 53200.60; 0.00% / 0 / 0.00; 1.78% / 233417.97 / 359006.84; 0.21% / 14779.21 / 0.00; 0.97% / 0 / 68455.99; 1.13% / 0 / 79540.82; 0.04% / 0 / 3090.61; 0.44% / 0 / 30689.71; 1.35% / 598155.06 / 503036.27; 0.62% / 191172.06 / 147828.24; 2.87% / 0 / 202238.71; 37.40% / 15315906.50 / 12684206.96; 0.00% / 0 / 0.00; 2.05
Prefeitura Municipal de Pequi - MG; 3149606; MG; 4314; 1.48% / 562227.32 / 440165.44; 0.71% / 71384.31 / 13304.10; 0.00% / 0 / 0.00; 9.47% / 1628951.63 / 2407763.32; 0.01% / 0 / 460.06; 0.79% / 0 / 64926.23; 0.00% / 0 / 0.00; 3.83% / 278433.08 / 593455.07; 10.09% / 1027446.99 / 198195.02; 0.93% / 2861593.62 / 2938021.13; 0.32% / 0 / 26687.26; 17.25% / 2098966.62 / 3517017.36; 0.17% / 171460.54 / 185048.40; 0.00% / 0 / 0.00; 5.19% / 531998.84 / 958585.31; 0.73% / 0 / 59641.27; 0.85% / 261694.56 / 191837.27; 4.32% / 361992.65 / 7024.24; 0.00% / 0 / 0.00; 2.80% / 45406.44 / 275478.15; 2.57% / 211149.92 / 0.00; 0.29% / 0 / 23687.49; 0.30% / 0 / 24567.40; 0.11% / 0 / 8699.94; 0.45% / 0 / 36978.09; 3.21% / 234661.39 / 498878.23; 2.38% / 34052.37 / 229599.91; 1.01% / 223076.49 / 140158.45; 27.20% / 10604496.77 / 12840179.15; 3.55% / 383620.94 / 91703.60; 2.41
Prefeitura Municipal de Fortaleza de Minas - MG; 3126307; MG; 4330; 2.42% / 647375.78 / 435351.05; 0.12% / 0 / 10466.31; 0.00% / 0 / 0.00; 20.86% / 3970893.57 / 2144550.64; 0.00% / 0 / 352.55; 0.38% / 0 / 32987.76; 0.00% / 0 / 0.00; 4.08% / 298135.71 / 655669.81; 14.55% / 1470827.98 / 197112.91; 10.32% / 4005557.24 / 3102207.89; 0.25% / 0 / 22124.33; 10.03% / 2634219.12 / 3511839.62; 1.92% / 18002.05 / 186060.71; 0.67% / 58692.60 / 0.00; 7.11% / 306956.51 / 929562.18; 0.69% / 0 / 60376.91; 0.36% / 162615.29 / 130837.37; 0.10% / 0 / 8757.60; 0.00% / 0 / 0.00; 3.85% / 0 / 337164.68; 0.29% / 25398.89 / 0.00; 0.27% / 0 / 23687.49; 0.22% / 0 / 18966.84; 0.10% / 0 / 8645.31; 0.40% / 0 / 35303.11; 6.69% / 0 / 586055.87; 0.96% / 58325.28 / 142744.77; 1.89% / 0 / 165675.79; 10.40% / 13657000.02 / 12746501.51; 1.05% / 0 / 91703.60; 2.04
Prefeitura Municipal de Riachão do Bacamarte - PB; 2512754; PB; 4448; 1.91% / 493065.23 / 365495.43; 0.15% / 0 / 9827.15; 0.24% / 0 / 16263.47; 6.47% / 1785861.58 / 2216861.02; 0.00% / 0 / 0.00; 0.67% / 0 / 44873.56; 0.00% / 0 / 0.00; 0.60% / 524040.16 / 564273.04; 1.86% / 0 / 123999.62; 14.30% / 2057330.66 / 3010532.23; 0.12% / 0 / 7955.12; 3.84% / 3802189.69 / 3546109.50; 1.87% / 51210.00 / 175538.48; 0.00% / 0 / 0.00; 7.91% / 1442301.36 / 915220.82; 0.25% / 0 / 16688.54; 1.75% / 0 / 116652.00; 0.50% / 0 / 33539.27; 0.54% / 36041.76 / 0.00; 3.24% / 118987.44 / 334874.94; 0.00% / 0 / 0.00; 0.07% / 0 / 4377.55; 0.67% / 0 / 44870.88; 0.04% / 0 / 2699.04; 0.64% / 0 / 42758.97; 11.89% / 0 / 792399.34; 0.51% / 106699.15 / 140820.30; 3.55% / 0 / 236513.87; 35.20% / 10417727.03 / 12763144.15; 1.19% / 0 / 79557.68; 1.56
Prefeitura Municipal de Nova Guarita - MT; 5108808; MT; 4660; 4.56% / 0 / 523714.37; 0.82% / 134865.56 / 40818.94; 0.01% / 0 / 1214.79; 7.55% / 3176782.18 / 2308990.78; 0.04% / 0 / 4953.89; 0.06% / 19614.34 / 12176.19; 0.00% / 0 / 0.00; 0.88% / 611944.05 / 712697.48; 3.40% / 0 / 390888.33; 6.72% / 2922957.62 / 3695946.83; 0.04% / 0 / 4344.73; 4.32% / 3352463.79 / 3848855.19; 0.97% / 85056.68 / 197100.63; 0.00% / 0 / 0.00; 8.65% / 185449.21 / 1180336.24; 1.14% / 0 / 130897.19; 2.51% / 0 / 288143.52; 2.18% / 259516.81 / 8982.86; 0.00% / 0 / 0.00; 3.71% / 60060.83 / 486407.50; 0.49% / 56866.71 / 0.00; 0.26% / 0 / 29498.63; 0.53% / 0 / 61119.01; 0.05% / 0 / 5181.71; 0.12% / 0 / 13282.39; 7.11% / 5996.45 / 823086.00; 1.18% / 84032.02 / 219716.25; 3.36% / 0 / 386718.68; 38.44% / 10955606.25 / 15375072.13; 0.91% / 0 / 104837.12; 2.16
Prefeitura Municipal de Gavião - BA; 2911253; BA; 4729; 1.30% / 0 / 507537.07; 0.02% / 0 / 7419.93; 0.00% / 0 / 0.00; 6.14% / 0 / 2389711.43; 0.00% / 0 / 31.88; 0.04% / 0 / 13651.77; 0.00% / 0 / 0.00; 1.65% / 0 / 641897.00; 0.32% / 0 / 123239.63; 8.00% / 0 / 3110898.03; 0.02% / 0 / 7348.88; 9.60% / 0 / 3734285.63; 0.37% / 0 / 143760.69; 0.00% / 0 / 0.00; 2.18% / 0 / 847034.95; 0.09% / 0 / 35457.29; 0.12% / 0 / 46431.34; 0.16% / 0 / 62210.42; 0.00% / 0 / 0.00; 0.84% / 0 / 328605.75; 0.00% / 0 / 0.00; 0.00% / 0 / 0.00; 0.02% / 0 / 7536.13; 0.01% / 0 / 4749.78; 0.07% / 0 / 28586.61; 1.11% / 0 / 432057.48; 0.49% / 0 / 188990.42; 0.64% / 0 / 249592.76; 33.19% / 0 / 12911034.88; 33.61% / 13112246.07 / 37548.47; 4.71
Prefeitura Municipal de Mossâmedes - GO; 5213905; GO; 4878; 1.76% / 711661.52 / 505522.38; 0.12% / 0 / 14094.23; 0.05% / 0 / 5825.26; 5.18% / 2605259.60 / 2000374.01; 0.00% / 0 / 0.00; 0.24% / 36739.74 / 8972.76; 0.00% / 0 / 0.00; 0.60% / 491063.45 / 561708.55; 11.63% / 1555887.60 / 197521.66; 0.23% / 3043306.95 / 3070553.42; 0.10% / 0 / 11845.80; 29.49% / 0 / 3443963.76; 25.30% / 3125381.60 / 170682.02; 0.07% / 0 / 7873.85; 0.75% / 1212519.35 / 1125120.11; 0.07% / 0 / 8357.83; 1.86% / 6195.25 / 223390.29; 0.15% / 63909.33 / 46127.19; 0.00% / 0 / 0.00; 1.76% / 64399.25 / 270270.18; 0.00% / 0 / 0.00; 0.34% / 45432.00 / 5837.11; 0.09% / 0 / 10188.73; 0.04% / 0 / 4543.73; 0.28% / 0 / 32646.19; 2.42% / 580067.74 / 863007.19; 0.45% / 50165.21 / 102717.65; 4.65% / 731349.28 / 187880.02; 12.37% / 14323337.87 / 12879023.91; 0.00% / 0 / 0.00; 3.33
Prefeitura Municipal de Guaraciama - MG; 3128253; MG; 4941; 0.66% / 586968.01 / 551839.21; 0.46% / 0 / 24457.51; 1.37% / 72938.84 / 0.00; 11.61% / 1411209.23 / 2027398.49; 0.05% / 0 / 2454.48; 0.15% / 10976.90 / 2904.95; 0.00% / 0 / 0.00; 2.32% / 522382.77 / 645374.98; 4.29% / 384670.07 / 157193.73; 4.21% / 2881828.84 / 3105303.29; 0.31% / 0 / 16305.19; 14.05% / 2982280.63 / 3728098.58; 2.81% / 312367.86 / 163026.74; 0.00% / 0 / 0.00; 7.11% / 1528863.55 / 1151622.99; 0.37% / 0 / 19685.71; 4.91% / 13615.21 / 274018.34; 0.23% / 55666.47 / 43329.78; 0.00% / 0 / 0.00; 2.92% / 372031.26 / 217233.50; 0.14% / 7687.00 / 0.00; 0.04% / 0 / 2108.36; 0.47% / 0 / 24738.32; 0.05% / 0 / 2858.99; 0.44% / 67116.12 / 43837.01; 8.33% / 123805.33 / 565808.62; 1.22% / 43323.52 / 107801.17; 0.52% / 240982.33 / 268554.41; 28.78% / 11618713.94 / 13145954.35; 2.18% / 0 / 115591.32; 1.81
Prefeitura Municipal de Amparo do Serra - MG; 3102506; MG; 4997; 0.30% / 541304.10 / 558120.08; 0.47% / 0 / 26087.92; 0.00% / 0 / 0.00; 16.91% / 1196081.13 / 2130825.97; 0.03% / 0 / 1525.61; 0.08% / 0 / 4361.50; 0.00% / 0 / 0.00; 1.36% / 497367.75 / 572579.48; 8.06% / 643051.09 / 197193.02; 1.16% / 2841414.10 / 2905631.93; 1.94% / 118523.49 / 11157.60; 15.59% / 2886237.26 / 3748320.95; 2.66% / 306725.77 / 159657.39; 0.26% / 14382.94 / 0.00; 0.78% / 883194.56 / 839984.54; 0.38% / 0 / 20742.04; 0.98% / 36844.36 / 90917.21; 2.03% / 946.17 / 113405.38; 0.00% / 0 / 0.00; 1.62% / 378308.18 / 288719.33; 0.71% / 39077.52 / 0.00; 0.00% / 0 / 0.00; 0.38% / 0 / 20926.47; 0.11% / 11417.94 / 5348.91; 0.62% / 0 / 34437.18; 4.76% / 228055.27 / 491393.24; 1.56% / 50769.83 / 137219.80; 2.37% / 32593.25 / 163682.61; 32.85% / 10706294.71 / 12522238.17; 2.02% / 0 / 111400.65; 2.07
Prefeitura Municipal de Presidente Castelo Branco - PR; 4120408; PR; 5101; 2.20% / 0 / 492461.64; 0.13% / 0 / 29782.82; 0.09% / 0 / 20413.35; 38.98% / 10980175.44 / 2247033.99; 0.01% / 0 / 2441.40; 0.05% / 0 / 11548.71; 0.00% / 0 / 0.00; 2.41% / 0 / 540686.03; 1.46% / 0 / 326056.68; 15.35% / 0 / 3439815.82; 0.00% / 0 / 7.90; 15.25% / 0 / 3415690.79; 0.62% / 0 / 137855.26; 0.00% / 0 / 0.00; 4.90% / 0 / 1096875.15; 0.07% / 0 / 15576.42; 0.35% / 0 / 79233.27; 0.31% / 0 / 68779.58; 0.00% / 0 / 0.00; 2.10% / 0 / 470190.71; 0.00% / 0 / 0.00; 0.03% / 0 / 6295.12; 0.13% / 0 / 29184.69; 0.02% / 0 / 5321.49; 0.09% / 0 / 20122.96; 2.83% / 0 / 633012.97; 0.63% / 0 / 141323.13; 0.86% / 0 / 193556.18; 10.91% / 10980175.44 / 13423266.06; 0.23% / 0 / 50663.52; 3.14
Prefeitura Municipal de Caiçara - RS; 4303400; RS; 5125; 1.28% / 391720.08 / 470369.56; 0.40% / 0 / 24477.67; 0.00% / 0 / 0.00; 10.84% / 2845141.36 / 2177447.42; 0.04% / 0 / 2441.40; 0.49% / 0 / 30177.94; 0.00% / 0 / 0.00; 2.81% / 417525.02 / 590328.44; 3.64% / 0 / 224061.31; 6.16% / 2962284.93 / 3341778.49; 0.13% / 0 / 8207.46; 12.04% / 2795045.44 / 3536604.39; 2.01% / 48153.97 / 171904.61; 1.52% / 93382.45 / 0.00; 6.34% / 810390.12 / 1201058.28; 0.17% / 0 / 10645.60; 1.79% / 150.00 / 110094.49; 0.06% / 66170.78 / 69915.97; 0.00% / 0 / 0.00; 12.19% / 1082412.59 / 331603.78; 0.03% / 1700.00 / 0.00; 0.00% / 0 / 0.00; 0.59% / 62681.20 / 26555.43; 0.04% / 0 / 2466.45; 0.14% / 0 / 8858.84; 7.90% / 56533.45 / 542974.39; 1.07% / 70664.75 / 136666.61; 17.07% / 1256290.44 / 205418.78; 4.28% / 12960246.58 / 13224057.31; 6.97% / 486130.49 / 57063.52; 1.95
Prefeitura Municipal de São Francisco do Glória - MG; 3161403; MG; 5177; 1.91% / 0 / 449583.59; 0.17% / 0 / 41071.58; 0.00% / 0 / 0.00; 38.82% / 11641113.77 / 2495926.66; 0.00% / 0 / 0.00; 0.12% / 0 / 29232.93; 0.00% / 0 / 0.00; 3.22% / 0 / 758115.70; 0.71% / 0 / 167309.37; 14.15% / 0 / 3332721.26; 0.03% / 0 / 8199.56; 17.65% / 0 / 4156812.92; 1.05% / 0 / 247936.90; 0.00% / 0 / 0.00; 4.37% / 0 / 1030311.32; 0.02% / 0 / 5215.66; 0.50% / 0 / 116903.86; 0.25% / 0 / 59800.07; 0.00% / 0 / 0.00; 1.29% / 0 / 303470.41; 0.00% / 0 / 0.00; 0.00% / 0 / 0.00; 0.06% / 0 / 15268.04; 0.02% / 0 / 5026.21; 0.12% / 0 / 27371.62; 2.42% / 0 / 569603.95; 0.92% / 0 / 215945.22; 0.92% / 0 / 215591.87; 11.08% / 11641113.77 / 14251418.70; 0.20% / 0 / 46659.12; 3.14
Prefeitura Municipal de Foz do Jordão - PR; 4108452; PR; 5277; 6.29% / 0 / 504168.82; 1.30% / 124123.05 / 19534.19; 0.01% / 0 / 1121.73; 2.66% / 2408802.05 / 2195567.04; 0.00% / 0 / 0.00; 0.23% / 23034.00 / 4443.91; 0.00% / 0 / 0.00; 10.00% / 1333635.15 / 532360.59; 2.18% / 0 / 175100.65; 5.64% / 3354304.38 / 2902529.10; 0.13% / 0 / 10100.71; 3.05% / 3352685.33 / 3597353.76; 0.66% / 228174.76 / 175595.61; 0.00% / 0 / 0.00; 14.74% / 1983063.94 / 801808.81; 1.37% / 111485.14 / 1338.14; 2.03% / 0 / 163003.75; 3.65% / 336596.79 / 44278.20; 0.00% / 0 / 0.00; 1.75% / 445273.07 / 304648.10; 0.37% / 29923.30 / 0.00; 3.04% / 248988.40 / 5452.53; 0.06% / 22579.51 / 27562.67; 0.02% / 0 / 1824.33; 0.43% / 0 / 34308.48; 4.26% / 0 / 341352.10; 1.33% / 188249.91 / 81652.54; 0.36% / 154088.61 / 183166.90; 27.90% / 14345007.39 / 12108272.67; 6.53% / 528893.15 / 5233.85; 1.87
Prefeitura Municipal de Montadas - PB; 2509503; PB; 5441; 0.53% / 542018.30 / 573769.52; 0.09% / 0 / 5380.51; 0.07% / 0 / 4345.25; 12.14% / 1571470.01 / 2304748.97; 0.00% / 0 / 0.00; 0.11% / 0 / 6536.40; 0.00% / 0 / 0.00; 1.22% / 686713.32 / 613005.60; 12.52% / 966911.47 / 210538.08; 10.20% / 2724745.28 / 3340771.06; 1.49% / 95998.04 / 5732.57; 3.13% / 4035694.92 / 4224485.05; 1.40% / 91112.03 / 175653.77; 0.00% / 0 / 0.00; 1.85% / 1291478.29 / 1403267.59; 0.34% / 0 / 20556.55; 1.92% / 0 / 115986.88; 0.64% / 0 / 38775.72; 0.27% / 16150.00 / 0.00; 1.86% / 137253.22 / 249735.98; 0.00% / 0 / 0.00; 0.14% / 0 / 8530.84; 1.47% / 0 / 88526.75; 0.10% / 0 / 5855.14; 0.14% / 0 / 8645.09; 8.25% / 0 / 497942.65; 1.85% / 0 / 111494.94; 3.20% / 140138.41 / 333137.24; 33.91% / 12299683.29 / 14347422.15; 1.17% / 0 / 70604.50; 1.55
Prefeitura Municipal de Senador Elói de Souza - RN; 2413102; RN; 6034; 0.10% / 564799.72 / 574735.65; 0.19% / 0 / 18991.98; 0.00% / 0 / 0.00; 0.88% / 2297410.04 / 2211074.72; 0.02% / 0 / 2229.05; 0.16% / 0 / 16134.58; 9.53% / 939837.32 / 0.00; 1.97% / 537595.49 / 732211.15; 4.57% / 0 / 450702.83; 7.71% / 3161891.31 / 3921922.65; 0.07% / 0 / 7087.98; 5.66% / 5213996.00 / 4656041.59; 1.35% / 36744.90 / 169382.15; 0.00% / 0 / 0.00; 11.74% / 244218.22 / 1401274.74; 0.19% / 0 / 18603.79; 1.41% / 0 / 138509.37; 0.82% / 0 / 80722.40; 0.00% / 0 / 0.00; 4.07% / 16202.00 / 417364.35; 0.00% / 0 / 0.00; 0.38% / 0 / 37025.95; 0.20% / 0 / 20118.27; 0.07% / 0 / 6491.10; 0.39% / 0 / 38908.41; 8.67% / 0 / 854789.42; 1.68% / 39887.57 / 205030.49; 3.91% / 0 / 385293.11; 33.60% / 13052582.57 / 16364645.71; 0.67% / 0 / 65822.20; 8.56
Prefeitura Municipal de São Vicente - RN; 2413003; RN; 6364; 0.12% / 630149.98 / 645547.44; 0.27% / 0 / 33655.26; 0.00% / 0 / 0.00; 6.51% / 1932446.92 / 2736529.17; 0.02% / 0 / 2630.78; 0.09% / 0 / 11233.08; 0.00% / 0 / 0.00; 0.24% / 731074.75 / 700818.41; 4.76% / 0 / 588516.65; 1.13% / 4199641.64 / 4339079.51; 0.18% / 0 / 22008.42; 17.01% / 3096737.69 / 5198931.07; 2.12% / 0 / 261921.74; 0.04% / 0 / 5082.88; 4.29% / 1069352.48 / 1599064.56; 0.57% / 0 / 70213.36; 1.14% / 0 / 141315.59; 0.49% / 1680.00 / 62036.76; 0.00% / 0 / 0.00; 0.94% / 637656.82 / 521137.20; 0.04% / 5406.00 / 0.00; 0.04% / 0 / 5335.75; 0.93% / 0 / 115420.12; 0.02% / 0 / 2892.17; 0.09% / 0 / 10510.39; 3.64% / 66533.11 / 515822.92; 2.48% / 885.00 / 307724.13; 3.33% / 0 / 411801.31; 48.05% / 12371564.39 / 18309228.68; 1.45% / 0 / 178615.66; 1.98
Prefeitura Municipal de Dona Eusébia - MG; 3122900; MG; 6386; 1.99% / 0 / 612204.89; 0.14% / 0 / 44226.41; 0.01% / 0 / 2225.31; 33.09% / 13047037.28 / 2877486.29; 0.01% / 0 / 2630.78; 0.03% / 0 / 8223.32; 0.00% / 0 / 0.00; 2.28% / 0 / 700021.92; 1.21% / 0 / 372222.79; 13.91% / 0 / 4274249.55; 0.00% / 0 / 0.00; 17.41% / 0 / 5350563.13; 0.80% / 0 / 244684.68; 0.02% / 0 / 5082.88; 4.72% / 0 / 1450170.58; 0.17% / 0 / 50802.12; 0.41% / 0 / 127275.44; 0.15% / 0 / 47124.26; 0.00% / 0 / 0.00; 1.69% / 0 / 518763.61; 0.00% / 0 / 0.00; 0.01% / 0 / 3859.71; 0.37% / 0 / 114382.62; 0.01% / 0 / 3030.47; 0.04% / 0 / 11287.55; 2.44% / 0 / 749740.71; 0.71% / 0 / 217848.42; 1.42% / 0 / 436838.60; 16.85% / 13047037.28 / 18224946.06; 0.13% / 0 / 38717.76; 3.11
Prefeitura Municipal de Estrela d'Oeste - SP; 3515202; SP; 8460; 4.14% / 0 / 625149.65; 0.10% / 0 / 15127.51; 0.09% / 0 / 13329.11; 6.49% / 3407140.96 / 2426665.30; 0.00% / 0 / 19.11; 0.37% / 0 / 55797.99; 0.00% / 0 / 0.00; 3.28% / 171778.86 / 666810.90; 1.86% / 0 / 280553.28; 26.39% / 0 / 3986408.16; 4.91% / 773390.70 / 31410.51; 2.50% / 5448328.58 / 5825628.17; 0.52% / 299211.00 / 221082.23; 0.00% / 0 / 0.00; 10.73% / 2912459.05 / 1291734.91; 0.38% / 0 / 57768.48; 0.70% / 0 / 105563.94; 0.53% / 0 / 79844.89; 0.00% / 0 / 0.00; 3.20% / 732304.89 / 249444.98; 0.00% / 0 / 0.00; 0.12% / 0 / 17557.32; 0.25% / 0 / 38262.05; 0.02% / 0 / 2686.59; 0.08% / 0 / 11437.10; 3.52% / 0 / 531561.25; 6.53% / 1128214.08 / 142084.39; 3.54% / 0 / 535231.65; 15.48% / 14872828.12 / 17211159.50; 4.28% / 766211.96 / 120408.40; 3.33
Prefeitura Municipal de Ribeirão do Largo - BA; 2926657; BA; 8713; 1.20% / 810929.59 / 501309.17; 0.16% / 0 / 42206.74; 0.13% / 0 / 33879.89; 10.19% / 5814789.03 / 3189052.36; 0.00% / 0 / 0.00; 0.14% / 0 / 36863.61; 0.00% / 0 / 0.00; 0.41% / 603702.33 / 708693.91; 1.20% / 0 / 308349.75; 4.57% / 3365313.08 / 4541679.20; 0.27% / 0 / 69170.74; 23.76% / 0 / 6121336.42; 0.75% / 9600.00 / 202865.19; 0.03% / 0 / 7248.87; 4.22% / 400061.03 / 1487840.40; 0.96% / 0 / 247205.72; 0.29% / 135832.62 / 209808.04; 0.09% / 22499.78 / 44444.65; 0.00% / 0 / 0.00; 1.56% / 26615.15 / 427715.80; 0.00% / 0 / 0.00; 0.13% / 0 / 32833.89; 0.29% / 0 / 75664.86; 0.01% / 0 / 2345.34; 0.15% / 0 / 39665.81; 3.04% / 45439.23 / 828226.08; 38.56% / 10085047.49 / 149204.49; 1.13% / 0 / 291519.70; 6.68% / 21319829.33 / 19599130.60; 0.09% / 0 / 24298.68; 3.58
Prefeitura Municipal de Pureza - RN; 2410405; RN; 9208; 0.72% / 626821.56 / 687706.28; 0.27% / 0 / 23132.59; 0.18% / 0 / 15424.75; 8.41% / 1972179.51 / 2680417.37; 0.01% / 0 / 574.91; 0.32% / 0 / 26664.81; 0.00% / 0 / 0.00; 3.48% / 514166.68 / 807312.83; 3.56% / 0 / 300026.19; 16.34% / 3398845.26 / 4775174.15; 0.15% / 0 / 12492.92; 20.74% / 7702217.20 / 5955089.92; 2.55% / 9300.00 / 224354.65; 0.00% / 0 / 0.00; 3.21% / 1242291.35 / 1512853.79; 1.41% / 145624.31 / 27227.39; 4.47% / 0 / 376195.69; 0.84% / 0 / 70413.91; 0.00% / 0 / 0.00; 0.39% / 165314.68 / 198226.10; 0.50% / 42122.00 / 0.00; 0.00% / 0 / 21.77; 0.48% / 100996.71 / 60725.18; 0.03% / 0 / 2827.67; 2.02% / 207633.26 / 37532.02; 3.32% / 188905.99 / 468436.34; 1.47% / 127816.26 / 251792.45; 6.82% / 795449.91 / 220641.62; 17.76% / 17239684.68 / 18735265.31; 0.55% / 0 / 46408.60; 2.29
Prefeitura Municipal de Uiramutã - RR; 1400704; RR; 9309; 2.41% / 0 / 846567.39; 0.14% / 0 / 49205.53; 0.03% / 0 / 9778.46; 10.48% / 6846763.05 / 3173290.46; 0.00% / 0 / 0.00; 0.24% / 0 / 85814.90; 0.00% / 0 / 0.00; 2.58% / 0 / 904623.92; 1.16% / 0 / 405623.99; 14.31% / 0 / 5017276.51; 0.08% / 0 / 28696.64; 17.99% / 0 / 6305388.49; 0.84% / 0 / 294346.62; 0.00% / 0 / 0.00; 4.84% / 0 / 1696748.69; 0.04% / 0 / 14496.17; 0.61% / 0 / 212987.66; 0.18% / 0 / 64736.55; 0.00% / 0 / 0.00; 0.74% / 0 / 257825.00; 0.00% / 0 / 0.00; 0.00% / 0 / 43.10; 0.11% / 0 / 36979.28; 0.01% / 0 / 4660.79; 0.23% / 0 / 80475.56; 1.56% / 0 / 547477.35; 0.79% / 0 / 275968.05; 0.73% / 0 / 257641.57; 39.15% / 6846763.05 / 20570652.67; 0.74% / 0 / 260234.48; 3.14
Prefeitura Municipal de Maiquinique - BA; 2920007; BA; 9976; 1.65% / 640666.78 / 793653.13; 0.23% / 0 / 21031.57; 0.00% / 0 / 174.00; 2.49% / 2910802.93 / 3141725.66; 0.00% / 0 / 0.00; 0.21% / 0 / 19164.13; 0.00% / 0 / 0.00; 8.16% / 0 / 756213.33; 5.33% / 0 / 494042.12; 11.42% / 3792497.58 / 4850755.04; 0.15% / 0 / 13797.02; 3.82% / 7508992.21 / 7155072.65; 1.70% / 0 / 157496.17; 0.00% / 0 / 440.00; 4.34% / 1042461.65 / 1444408.73; 0.24% / 0 / 22263.73; 1.98% / 0 / 183243.43; 0.60% / 0 / 55593.83; 0.00% / 0 / 0.00; 0.76% / 361358.98 / 290593.37; 0.00% / 0 / 0.00; 0.00% / 0 / 340.38; 1.33% / 0 / 123155.13; 0.11% / 0 / 9809.48; 0.62% / 0 / 57014.55; 2.37% / 512172.09 / 731254.30; 1.74% / 298889.87 / 137633.97; 5.68% / 0 / 526248.60; 42.29% / 17067842.09 / 20985124.32; 2.77% / 0 / 256327.09; 2.97
Prefeitura Municipal de Alto Paraguai - MT; 5100508; MT; 10592; 0.17% / 707341.15 / 735375.18; 0.11% / 0 / 17654.73; 0.08% / 0 / 13326.12; 12.35% / 4595589.18 / 2578560.77; 0.00% / 0 / 0.00; 0.07% / 0 / 11598.49; 0.00% / 0 / 0.00; 4.38% / 258806.06 / 974201.04; 1.80% / 0 / 293775.73; 9.32% / 3592048.03 / 5114397.01; 0.05% / 0 / 8802.76; 16.97% / 4002939.37 / 6773501.08; 1.43% / 485445.43 / 251399.79; 0.00% / 0 / 0.00; 6.96% / 1008278.93 / 2144050.85; 0.08% / 0 / 13517.83; 0.38% / 141875.86 / 203531.09; 0.91% / 0 / 148224.04; 0.00% / 0 / 0.00; 1.35% / 74211.60 / 295443.39; 0.01% / 2150.00 / 0.00; 0.04% / 500.00 / 7541.13; 0.12% / 0 / 19100.48; 0.00% / 0 / 623.85; 0.17% / 0 / 27864.00; 4.13% / 0 / 675049.25; 0.86% / 39635.83 / 180576.08; 1.95% / 0 / 318001.43; 36.12% / 14908821.44 / 20806116.11; 0.17% / 0 / 27703.29; 2.24
Prefeitura Municipal de Buriti do Tocantins - TO; 1703800; TO; 10681; 2.45% / 0 / 752539.81; 0.07% / 0 / 20967.10; 0.06% / 0 / 17382.30; 3.69% / 1711152.08 / 2844149.20; 0.00% / 0 / 0.00; 0.10% / 474.60 / 29663.24; 0.00% / 0 / 0.00; 2.72% / 0 / 833852.27; 0.80% / 145874.33 / 390453.49; 16.91% / 17683.70 / 5208545.22; 0.00% / 0 / 0.00; 10.31% / 4357639.34 / 7521683.32; 0.72% / 0 / 221735.66; 0.00% / 0 / 0.00; 5.34% / 489993.62 / 2129241.67; 0.91% / 0 / 280372.18; 0.51% / 0 / 157790.82; 1.60% / 531818.48 / 40182.26; 0.00% / 0 / 0.00; 0.89% / 142822.93 / 416568.76; 0.00% / 0 / 0.00; 0.05% / 0 / 15764.57; 0.26% / 0 / 80000.48; 0.00% / 0 / 1299.85; 0.13% / 0 / 41044.34; 1.87% / 69017.97 / 641698.77; 0.57% / 63899.02 / 238064.55; 1.30% / 0 / 398401.34; 48.04% / 7530376.07 / 22281401.19; 0.71% / 0 / 217425.18; 2.89
Prefeitura Municipal de Planalto - RS; 4314704; RS; 10707; 1.51% / 0 / 590577.77; 0.10% / 0 / 40382.28; 0.09% / 0 / 35960.07; 43.43% / 20217683.42 / 3242848.38; 0.01% / 0 / 3111.32; 0.12% / 0 / 45085.95; 0.00% / 0 / 0.00; 1.88% / 0 / 735908.32; 0.80% / 0 / 313517.57; 14.01% / 0 / 5473838.21; 0.00% / 0 / 0.00; 20.47% / 0 / 7999245.63; 0.58% / 0 / 224988.61; 0.00% / 0 / 0.00; 3.95% / 0 / 1542537.93; 0.88% / 0 / 344528.30; 0.28% / 0 / 108275.10; 0.14% / 0 / 53283.34; 0.00% / 0 / 0.00; 1.19% / 0 / 465697.66; 0.00% / 0 / 0.00; 0.03% / 0 / 9772.38; 0.26% / 0 / 102097.27; 0.00% / 0 / 1302.03; 0.11% / 0 / 41773.76; 1.84% / 0 / 720352.79; 0.61% / 0 / 238529.51; 0.87% / 0 / 341494.79; 6.29% / 20217683.42 / 22675108.97; 0.56% / 0 / 217425.18; 3.12
Prefeitura Municipal de Amajari - RR; 1400027; RR; 10721; 0.72% / 350197.56 / 586657.11; 0.11% / 0 / 35289.08; 0.08% / 0 / 25618.47; 1.81% / 3893749.68 / 3295823.43; 0.01% / 0 / 3111.32; 0.12% / 0 / 40493.71; 0.00% / 0 / 0.00; 1.41% / 311907.02 / 778284.01; 0.84% / 0 / 277396.45; 16.85% / 3590.00 / 5570399.53; 0.00% / 0 / 0.00; 22.01% / 636632.51 / 7907936.62; 0.78% / 7500.00 / 266099.29; 0.52% / 170941.08 / 0.00; 0.70% / 1502778.73 / 1732985.94; 1.02% / 0 / 337123.56; 0.40% / 0 / 132111.34; 0.13% / 100667.00 / 59263.40; 0.00% / 0 / 0.00; 0.27% / 361075.50 / 448890.33; 0.00% / 0 / 0.00; 0.04% / 0 / 12076.64; 0.31% / 0 / 102130.52; 0.00% / 0 / 1242.03; 0.08% / 0 / 27132.12; 2.14% / 0 / 708348.59; 0.52% / 78009.20 / 250078.74; 1.32% / 0 / 437370.55; 47.28% / 7417048.28 / 23035862.77; 0.54% / 0 / 177668.17; 1.89
Prefeitura Municipal de Arraias - TO; 1702406; TO; 10805; 1.85% / 881544.16 / 620774.17; 0.51% / 93500.00 / 22389.09; 0.06% / 0 / 8762.21; 5.96% / 2136998.82 / 2976363.79; 0.00% / 0 / 0.00; 0.30% / 460.80 / 43050.10; 0.00% / 0 / 0.00; 0.29% / 798352.66 / 838527.48; 3.25% / 0 / 457528.09; 16.28% / 3350403.67 / 5642336.81; 0.31% / 0 / 44313.57; 11.48% / 5623432.75 / 7239392.59; 0.47% / 322573.59 / 388187.00; 0.00% / 0 / 0.00; 2.96% / 1657497.40 / 2074802.96; 0.12% / 0 / 16291.71; 1.67% / 0 / 235749.50; 1.35% / 243970.32 / 53257.01; 0.00% / 0 / 0.00; 2.27% / 102163.47 / 422392.57; 0.47% / 65872.86 / 0.00; 0.31% / 0 / 42941.21; 0.42% / 0 / 58721.30; 0.03% / 0 / 4241.42; 1.25% / 194992.92 / 18791.60; 4.44% / 1533139.26 / 908262.75; 0.10% / 149529.09 / 163375.38; 3.13% / 0 / 440582.19; 39.54% / 17154431.77 / 22721034.48; 1.18% / 0 / 166059.10; 2.21
Prefeitura Municipal de Dois Irmãos do Buriti - MS; 5003488; MS; 10880; 2.59% / 1224176.08 / 651832.77; 0.37% / 0 / 80883.54; 0.21% / 47135.88 / 0.00; 8.04% / 5415195.49 / 3640119.27; 0.01% / 0 / 1235.13; 0.19% / 0 / 42114.72; 0.00% / 0 / 0.00; 0.56% / 755211.65 / 878286.76; 1.30% / 0 / 287277.64; 25.95% / 0 / 5729748.92; 0.28% / 0 / 61554.52; 10.59% / 5009162.78 / 7347084.02; 1.16% / 0 / 256125.47; 3.93% / 868162.12 / 0.00; 0.05% / 2022319.10 / 2033775.25; 0.12% / 0 / 25898.84; 1.19% / 65554.57 / 327499.11; 0.19% / 0 / 42308.61; 0.00% / 0 / 0.00; 1.02% / 401455.94 / 625597.53; 0.00% / 0 / 0.00; 1.20% / 315506.96 / 51633.12; 0.33% / 2950.00 / 75498.58; 0.03% / 0 / 7378.49; 1.34% / 365515.23 / 69054.91; 3.87% / 136893.07 / 991412.85; 0.97% / 0 / 214316.49; 1.49% / 0 / 328527.79; 32.34% / 16629238.87 / 23769164.32; 0.68% / 0 / 150829.39; 2.82
Prefeitura Municipal de Maraial - PE; 2609204; PE; 11858; 1.10% / 830772.44 / 966499.65; 0.27% / 0 / 33378.67; 0.10% / 0 / 11766.00; 2.72% / 4496746.93 / 4160556.27; 0.00% / 0 / 3.00; 0.19% / 0 / 23533.27; 0.00% / 0 / 0.00; 1.94% / 829098.67 / 1068434.89; 2.33% / 215675.14 / 503665.86; 13.62% / 4213347.48 / 5897306.13; 0.22% / 0 / 27357.96; 3.51% / 7930029.73 / 8364057.79; 4.38% / 804936.89 / 263643.01; 0.00% / 0 / 227.50; 14.84% / 27676.00 / 1862430.54; 0.41% / 0 / 51018.12; 4.16% / 0 / 514025.85; 4.45% / 695320.69 / 145255.40; 0.00% / 0 / 0.00; 1.01% / 186203.01 / 311287.08; 0.04% / 5000.00 / 0.00; 0.03% / 0 / 3745.00; 0.59% / 0 / 73450.04; 0.11% / 0 / 13213.43; 0.50% / 0 / 62359.37; 4.05% / 0 / 501231.61; 0.47% / 81384.91 / 139355.29; 0.35% / 403862.64 / 447339.02; 38.23% / 20720054.53 / 25445140.74; 0.37% / 0 / 45836.41; 2.28
Prefeitura Municipal de Chapada Gaúcha - MG; 3116159; MG; 12239; 5.85% / 0 / 857141.44; 0.24% / 0 / 34458.09; 0.09% / 15670.42 / 2431.95; 11.45% / 2392511.89 / 4070254.15; 0.05% / 0 / 7096.45; 0.84% / 135910.71 / 13470.33; 0.00% / 0 / 0.00; 1.65% / 876271.11 / 1117752.66; 2.31% / 850694.19 / 511987.50; 3.05% / 5895034.98 / 6341781.43; 0.89% / 0 / 130798.06; 14.54% / 6472255.71 / 8602895.51; 0.41% / 358965.00 / 298151.38; 0.00% / 0 / 0.00; 2.70% / 1759059.87 / 2154804.19; 2.13% / 348084.73 / 35667.40; 2.12% / 19088.02 / 330354.27; 0.56% / 155408.11 / 73831.82; 0.00% / 0 / 0.00; 0.48% / 430628.48 / 501110.25; 0.03% / 4872.00 / 0.00; 0.07% / 30000.00 / 19647.75; 0.31% / 17388.07 / 62533.65; 0.03% / 0 / 3692.13; 0.45% / 9405.48 / 75138.08; 1.99% / 725718.55 / 1016739.05; 2.20% / 627256.32 / 304276.47; 3.00% / 197772.11 / 637740.23; 40.14% / 21321995.75 / 27203754.23; 2.43% / 0 / 356164.14; 1.80
Prefeitura Municipal de Mar de Espanha - MG; 3139805; MG; 12480; 2.35% / 0 / 874456.62; 0.05% / 0 / 18186.89; 0.02% / 0 / 8085.76; 38.75% / 17401853.08 / 2957769.29; 0.01% / 0 / 2978.33; 0.04% / 0 / 14096.25; 0.00% / 0 / 0.00; 2.07% / 0 / 771303.59; 0.95% / 0 / 353139.31; 14.55% / 0 / 5424356.60; 0.06% / 0 / 20651.72; 19.87% / 0 / 7407204.59; 0.79% / 0 / 295935.22; 0.00% / 0 / 0.00; 3.87% / 0 / 1441510.30; 0.03% / 0 / 12969.44; 0.81% / 0 / 301350.12; 0.15% / 0 / 55102.47; 0.00% / 0 / 0.00; 0.81% / 0 / 301282.50; 0.00% / 0 / 0.00; 0.00% / 0 / 1092.72; 0.05% / 0 / 16869.65; 0.01% / 0 / 4700.24; 0.03% / 0 / 9537.30; 1.58% / 0 / 588384.76; 0.50% / 0 / 187586.39; 1.06% / 0 / 396945.18; 10.90% / 17401853.08 / 21465495.25; 0.70% / 0 / 262513.22; 3.12
Prefeitura Municipal de Santa Mariana - PR; 4123907; PR; 12496; 7.48% / 0 / 927135.41; 0.12% / 0 / 14923.74; 1.67% / 221825.43 / 14522.75; 6.50% / 2900350.42 / 3705132.08; 0.02% / 0 / 2978.33; 0.10% / 0 / 12700.95; 0.00% / 0 / 0.00; 2.46% / 1276451.27 / 971217.59; 4.31% / 0 / 533653.34; 19.14% / 8175794.34 / 5804715.81; 0.17% / 0 / 20651.72; 16.88% / 5532468.80 / 7623090.64; 1.44% / 479381.63 / 301569.24; 0.00% / 0 / 0.00; 24.31% / 4659994.09 / 1648428.97; 0.23% / 0 / 28122.16; 2.21% / 0 / 274130.77; 0.59% / 0 / 73056.97; 0.31% / 38910.41 / 0.00; 1.29% / 190985.80 / 350790.65; 0.00% / 0 / 0.00; 0.06% / 0 / 7650.00; 0.09% / 0 / 11694.18; 0.05% / 0 / 5807.12; 0.06% / 0 / 7436.91; 5.75% / 0 / 711781.49; 0.21% / 266664.51 / 240461.25; 2.95% / 0 / 365927.65; 0.69% / 23742826.70 / 23657579.72; 0.90% / 0 / 110914.92; 1.52
Prefeitura Municipal de Sete Barras - SP; 3551801; SP; 13190; 2.03% / 1163734.01 / 787046.23; 0.23% / 0 / 43323.31; 0.00% / 0 / 0.00; 5.98% / 2750326.61 / 3858959.14; 0.00% / 0 / 0.00; 0.72% / 489.76 / 134789.72; 0.00% / 0 / 0.00; 5.56% / 1978541.39 / 949095.17; 2.41% / 0 / 447527.01; 9.97% / 8017869.87 / 6169674.37; 0.06% / 0 / 11329.80; 16.65% / 12575621.85 / 9489808.55; 1.42% / 41703.88 / 305337.46; 0.00% / 0 / 114.14; 5.00% / 1133128.77 / 2059637.79; 0.15% / 0 / 27144.45; 2.45% / 49994.12 / 504837.41; 3.11% / 689930.15 / 113053.84; 0.00% / 0 / 0.00; 1.14% / 586003.21 / 374260.71; 0.01% / 950.00 / 0.00; 0.06% / 0 / 11817.88; 0.39% / 7836.24 / 81027.18; 0.01% / 4968.00 / 3024.46; 0.52% / 0 / 96061.05; 10.67% / 2303070.06 / 325769.32; 0.11% / 255519.84 / 275080.83; 0.31% / 524976.27 / 467615.36; 29.94% / 32084664.03 / 26536335.20; 1.07% / 0 / 198561.88; 2.09
Prefeitura Municipal de Ivaí - PR; 4111407; PR; 13541; 5.24% / 0 / 644565.24; 0.15% / 0 / 17869.40; 0.02% / 0 / 2888.28; 2.08% / 3222363.04 / 3477489.73; 0.01% / 0 / 1053.49; 0.14% / 0 / 17039.61; 0.00% / 0 / 0.00; 0.05% / 747838.67 / 753463.76; 2.83% / 3675.42 / 351888.92; 8.97% / 4995633.78 / 6098668.30; 0.20% / 0 / 24524.80; 14.25% / 7262274.13 / 9014212.79; 1.95% / 115000.00 / 354580.00; 0.04% / 0 / 4687.44; 11.29% / 940136.16 / 2328127.56; 0.11% / 0 / 13752.17; 1.09% / 2552.00 / 137043.57; 0.54% / 0 / 66916.98; 0.00% / 0 / 0.00; 6.89% / 1098985.14 / 252261.25; 0.04% / 5195.96 / 0.00; 0.00% / 0 / 0.00; 0.41% / 0 / 49861.81; 0.05% / 0 / 5975.50; 0.38% / 0 / 46335.00; 16.99% / 2652877.79 / 564786.33; 1.67% / 441093.03 / 235310.83; 3.06% / 843147.56 / 467536.29; 21.15% / 22330772.68 / 24930839.06; 0.40% / 0 / 48897.29; 2.05
Prefeitura Municipal de Acrelândia - AC; 1200013; AC; 13613; 0.45% / 672997.99 / 761250.29; 0.25% / 0 / 47940.20; 0.00% / 0 / 0.00; 4.26% / 4642094.03 / 3816016.31; 0.02% / 0 / 2957.04; 0.24% / 0 / 47337.43; 0.00% / 0 / 0.00; 4.63% / 0 / 898392.71; 1.16% / 674821.58 / 449757.44; 13.41% / 3969043.31 / 6572107.43; 1.07% / 0 / 207968.38; 6.23% / 8481632.50 / 9690143.94; 1.92% / 0 / 372823.39; 0.02% / 0 / 4687.44; 13.84% / 0 / 2687006.53; 0.00% / 349.00 / 282.69; 0.76% / 0 / 148127.91; 0.33% / 31013.59 / 95185.72; 0.00% / 0 / 0.00; 1.85% / 0 / 359493.05; 0.00% / 0 / 0.00; 1.07% / 214721.88 / 7543.04; 0.52% / 0 / 100423.52; 0.05% / 0 / 10022.21; 0.15% / 0 / 29828.74; 2.07% / 0 / 402513.46; 0.11% / 323537.82 / 302059.40; 2.18% / 0 / 422269.80; 43.41% / 19010211.70 / 27436138.04; 0.00% / 0 / 0.00; 2.33
Prefeitura Municipal de Tenente Portela - RS; 4321402; RS; 14056; 1.06% / 903625.89 / 724627.24; 0.21% / 0 / 35401.98; 5.77% / 982992.82 / 6531.73; 3.79% / 3784561.09 / 4426450.62; 0.00% / 0 / 0.00; 0.11% / 0 / 18606.25; 0.00% / 0 / 0.00; 0.95% / 1274532.86 / 1113334.74; 10.48% / 2047337.76 / 272464.54; 2.21% / 6784913.56 / 7158485.21; 0.00% / 0 / 0.00; 21.72% / 6291419.92 / 9969007.72; 0.32% / 250718.13 / 305478.10; 1.82% / 308866.54 / 0.00; 1.67% / 1603188.67 / 1885572.11; 0.02% / 0 / 3596.07; 0.74% / 396474.43 / 271174.97; 0.52% / 0 / 87246.84; 0.00% / 0 / 0.00; 11.37% / 2409056.52 / 484125.13; 0.00% / 0 / 0.00; 0.23% / 67312.23 / 28801.55; 3.43% / 599841.05 / 19806.04; 0.08% / 0 / 13956.17; 0.32% / 0 / 53814.88; 6.85% / 0 / 1158852.74; 1.62% / 0 / 274342.75; 2.87% / 0 / 486112.61; 6.46% / 27704841.47 / 28797790.00; 15.39% / 2982746.00 / 378030.26; 1.56
Prefeitura Municipal de Poxoréo - MT; 5107008; MT; 16677; 3.28% / 1414551.93 / 1001633.04; 0.42% / 0 / 52972.66; 0.03% / 0 / 3275.85; 13.58% / 5959454.82 / 4250974.04; 0.00% / 0 / 0.00; 0.59% / 0 / 74466.27; 0.00% / 0 / 0.00; 5.46% / 1930470.34 / 1243736.84; 2.89% / 1745781.30 / 1382351.98; 8.67% / 8680094.87 / 7589245.09; 0.25% / 0 / 31320.14; 24.69% / 7336490.50 / 10443511.44; 4.56% / 31500.00 / 605608.17; 0.01% / 0 / 1345.20; 3.40% / 2208330.57 / 2636050.52; 0.31% / 0 / 39587.42; 3.76% / 907713.33 / 434215.80; 0.97% / 0 / 122432.11; 0.00% / 0 / 0.00; 2.54% / 611928.90 / 292611.37; 0.09% / 11472.90 / 0.00; 0.84% / 135797.93 / 29959.19; 0.59% / 3000.00 / 77472.41; 0.04% / 0 / 5381.92; 0.49% / 0 / 61462.34; 6.19% / 8202.00 / 787380.74; 1.93% / 0 / 243022.54; 5.49% / 1248916.35 / 557520.90; 2.12% / 32233705.74 / 31967537.97; 6.81% / 0 / 856458.83; 2.07
Prefeitura Municipal de Novo Airão - AM; 1303205; AM; 17199; 3.53% / 0 / 790217.44; 0.31% / 0 / 69509.61; 0.07% / 0 / 15353.43; 1.88% / 5011267.86 / 5431299.52; 0.02% / 0 / 3788.18; 0.12% / 0 / 26224.08; 0.00% / 0 / 0.00; 1.44% / 1087744.04 / 1410729.29; 4.82% / 0 / 1079666.46; 15.06% / 4380252.22 / 7753252.09; 0.04% / 0 / 9414.83; 14.28% / 8006812.37 / 11205186.13; 1.30% / 247381.01 / 537712.47; 0.00% / 0 / 0.00; 1.55% / 2696132.69 / 2348569.34; 0.08% / 0 / 17970.90; 0.47% / 0 / 105579.79; 0.36% / 188246.52 / 268410.48; 0.00% / 0 / 0.00; 0.80% / 303410.01 / 482370.02; 0.27% / 59400.00 / 0.00; 0.13% / 0 / 29755.43; 0.21% / 0 / 46672.93; 0.07% / 0 / 16158.18; 0.33% / 25272.17 / 99739.87; 0.46% / 710519.69 / 813729.74; 0.19% / 204680.83 / 246594.02; 2.73% / 0 / 611199.53; 46.87% / 22921119.41 / 33419103.76; 2.63% / 0 / 589776.41; 2.08
Prefeitura Municipal de Apicum-Açu - MA; 2100832; MA; 17712; 23.77% / 7269316.27 / 1337932.92; 0.16% / 0 / 41053.72; 0.10% / 0 / 24078.64; 25.14% / 0 / 6272912.83; 0.00% / 0 / 0.00; 0.29% / 0 / 72010.64; 0.00% / 0 / 0.00; 1.10% / 1058794.16 / 1334020.49; 4.74% / 0 / 1182247.75; 7.22% / 6426259.35 / 8227571.74; 0.14% / 55491.44 / 20428.54; 20.09% / 17469966.52 / 12457513.44; 1.17% / 101527.03 / 392631.14; 0.00% / 0 / 0.00; 0.51% / 2943138.64 / 2816671.34; 0.03% / 0 / 6643.04; 0.81% / 577721.02 / 374572.53; 1.08% / 27183.33 / 296843.15; 0.00% / 0 / 0.00; 0.81% / 121052.78 / 322811.45; 0.00% / 0 / 0.00; 0.06% / 0 / 14959.04; 0.27% / 0 / 68545.39; 0.05% / 13500.00 / 60.00; 0.15% / 108839.15 / 70231.54; 4.43% / 0 / 1105558.93; 0.84% / 0 / 209365.60; 2.39% / 5153.61 / 600994.05; 4.29% / 36177943.30 / 37249657.88; 0.36% / 0 / 90495.66; 3.95
Prefeitura Municipal de Pitimbu - PB; 2511905; PB; 18422; 1.49% / 0 / 976687.69; 0.02% / 0 / 16156.44; 0.02% / 0 / 10415.00; 7.65% / 308407.11 / 5333082.68; 0.00% / 0 / 0.00; 0.08% / 0 / 52089.82; 0.00% / 0 / 0.00; 1.50% / 91990.02 / 1077082.97; 1.13% / 142527.95 / 882724.31; 11.50% / 460494.97 / 8017771.48; 0.00% / 6788.00 / 8092.01; 18.97% / 1032246.09 / 13497463.72; 0.59% / 48110.00 / 438170.46; 0.01% / 0 / 4484.82; 3.43% / 209644.23 / 2461517.34; 0.06% / 0 / 40048.24; 0.89% / 0 / 587254.40; 0.09% / 0 / 60887.54; 0.00% / 0 / 0.00; 0.49% / 16884.91 / 336790.20; 0.00% / 0 / 0.00; 0.00% / 0 / 0.00; 0.21% / 201868.00 / 63343.91; 0.00% / 2000.00 / 3495.31; 0.00% / 35220.51 / 36713.85; 0.95% / 0 / 621731.50; 0.33% / 12184.00 / 227173.34; 0.68% / 0 / 444883.53; 49.67% / 2568365.79 / 35198060.56; 0.24% / 0 / 158301.16; 1.56
Prefeitura Municipal de Presidente Olegário - MG; 3153400; MG; 19398; 2.33% / 1723976.40 / 1196693.77; 0.17% / 0 / 38006.49; 0.00% / 0 / 0.00; 4.68% / 5734434.38 / 4673579.21; 0.00% / 0 / 0.00; 0.34% / 97374.86 / 174163.00; 0.00% / 0 / 0.00; 2.19% / 765290.88 / 1260957.27; 13.54% / 3671373.57 / 602062.63; 8.47% / 10912069.61 / 8990840.32; 1.20% / 272504.84 / 0.00; 4.70% / 11197857.65 / 12262889.29; 0.58% / 239679.25 / 371823.88; 0.03% / 0 / 7733.44; 8.50% / 1427210.33 / 3354388.42; 0.25% / 60000.00 / 2279.11; 0.54% / 699794.21 / 577447.13; 0.40% / 43714.32 / 134412.20; 0.00% / 0 / 0.00; 4.74% / 1357012.76 / 281516.35; 0.00% / 240.00 / 0.00; 0.01% / 0 / 2273.59; 0.24% / 19608.00 / 75016.71; 0.14% / 38355.44 / 7491.76; 1.06% / 323666.08 / 82371.48; 4.02% / 1488576.01 / 577435.33; 2.04% / 629457.81 / 167236.63; 1.60% / 856519.42 / 493223.81; 27.45% / 41558715.82 / 35333841.83; 10.77% / 2530653.14 / 88633.06; 1.71
Prefeitura Municipal de Terenos - MS; 5008008; MS; 19434; 6.84% / 1969311.76 / 1019691.16; 0.27% / 0 / 38006.49; 0.02% / 2233.97 / 0.00; 5.55% / 4349905.02 / 5120170.32; 0.00% / 0 / 0.00; 1.37% / 0 / 189804.88; 0.00% / 0 / 0.00; 0.49% / 1255875.14 / 1323456.15; 4.10% / 1460684.66 / 891527.90; 6.62% / 9883175.58 / 8964992.50; 0.02% / 0 / 3406.85; 10.26% / 14179470.96 / 12755439.67; 1.19% / 517313.73 / 352042.39; 0.06% / 0 / 7733.44; 8.23% / 1885137.19 / 3027461.96; 2.23% / 315067.80 / 5471.00; 4.16% / 0 / 577725.68; 2.75% / 516433.55 / 134230.13; 0.00% / 0 / 0.00; 0.70% / 410689.56 / 312945.75; 0.01% / 828.40 / 0.00; 0.20% / 0 / 27287.38; 0.66% / 9044.00 / 100460.80; 0.05% / 0 / 7411.76; 2.39% / 430923.97 / 99741.37; 9.14% / 2009201.85 / 741072.41; 1.14% / 92082.91 / 249672.96; 0.81% / 536393.97 / 649212.30; 23.24% / 39823774.02 / 36598965.25; 7.51% / 1327066.49 / 285516.33; 1.80
Prefeitura Municipal de Padre Paraíso - MG; 3146305; MG; 19859; 1.51% / 896955.98 / 1225298.29; 0.88% / 229064.12 / 36340.93; 0.00% / 0 / 0.00; 4.34% / 4088888.31 / 5034418.53; 0.08% / 19007.57 / 944.66; 0.12% / 3688.95 / 30136.89; 0.00% / 0 / 0.00; 1.47% / 1074334.71 / 1394426.75; 2.71% / 625919.61 / 1215818.55; 0.61% / 9033384.39 / 9166945.42; 0.85% / 189251.24 / 3256.90; 19.43% / 8824196.10 / 13056940.03; 1.91% / 52233.86 / 467898.36; 0.00% / 0 / 67.81; 3.21% / 2072190.09 / 2772021.48; 0.14% / 0 / 31109.69; 1.59% / 60203.57 / 407309.43; 1.27% / 1720.00 / 278591.14; 0.00% / 0 / 0.00; 3.82% / 79653.81 / 912644.40; 0.00% / 810.00 / 0.00; 0.61% / 0 / 133557.02; 0.32% / 109374.56 / 40631.41; 0.00% / 1679.50 / 1975.04; 0.31% / 0 / 67982.45; 4.71% / 43323.92 / 1068994.96; 0.51% / 149080.13 / 259887.71; 0.80% / 488187.12 / 662023.76; 46.95% / 28043147.54 / 38269221.61; 1.82% / 665036.37 / 268320.25; 1.63
Prefeitura Municipal de Anicuns - GO; 5201306; GO; 21338; 0.96% / 659297.85 / 1059372.81; 0.28% / 1517.90 / 118601.70; 0.02% / 11700.00 / 3214.58; 2.68% / 6418135.93 / 5296696.34; 0.00% / 0 / 1613.46; 0.70% / 375892.23 / 85172.01; 0.00% / 0 / 0.00; 2.85% / 420523.28 / 1611273.09; 1.07% / 971516.14 / 1420939.51; 14.16% / 3473208.22 / 9394453.92; 0.00% / 0 / 0.00; 17.91% / 5739958.83 / 13227053.48; 11.78% / 5329109.38 / 403711.99; 0.95% / 398750.00 / 0.00; 1.33% / 2622199.57 / 3179940.95; 3.49% / 1525644.00 / 66313.83; 0.31% / 288219.97 / 416854.05; 0.45% / 299358.73 / 111940.84; 0.00% / 0 / 0.00; 11.85% / 5358219.15 / 405081.19; 0.02% / 7999.00 / 0.00; 11.17% / 4733160.65 / 64113.89; 4.70% / 2197285.04 / 232073.64; 0.56% / 238587.56 / 4310.70; 0.17% / 0 / 69395.62; 0.50% / 979657.43 / 1187802.77; 0.67% / 671663.82 / 392238.02; 0.59% / 1098150.63 / 851973.11; 10.08% / 43819755.31 / 39604141.50; 0.75% / 0 / 315227.73; 1.72
Prefeitura Municipal de Confresa - MT; 5103353; MT; 27749; 0.40% / 1546982.00 / 1681956.06; 0.16% / 0 / 51918.38; 0.00% / 0 / 0.00; 6.84% / 5832269.83 / 8114655.43; 0.00% / 0 / 1505.37; 0.78% / 0 / 259229.76; 0.00% / 0 / 0.00; 0.84% / 1991354.24 / 2272158.92; 3.02% / 779025.96 / 1786097.07; 0.51% / 13447285.24 / 13616046.72; 0.30% / 0 / 98902.90; 22.69% / 14167140.53 / 21736966.96; 2.33% / 193780.28 / 972122.54; 0.07% / 0 / 23395.45; 1.69% / 3103925.43 / 3668288.56; 0.40% / 0 / 133951.75; 2.63% / 0 / 877330.86; 0.48% / 727266.38 / 566889.52; 0.14% / 0 / 47552.15; 0.78% / 468780.80 / 729845.22; 0.27% / 90000.00 / 0.00; 0.21% / 0 / 71205.16; 0.73% / 0 / 244023.75; 0.02% / 0 / 6966.96; 0.96% / 0 / 320292.16; 4.93% / 3679469.05 / 2033899.30; 0.19% / 493779.24 / 557820.67; 4.29% / 213290.91 / 1644516.17; 44.30% / 46734349.89 / 61517537.78; 0.03% / 1020121.83 / 1030203.99; 2.38
Prefeitura Municipal de Bom Jesus das Selvas - MA; 2102036; MA; 32133; 1.88% / 0 / 1842588.01; 0.16% / 0 / 157889.46; 0.40% / 394106.70 / 0.00; 4.75% / 12051883.36 / 7384973.50; 0.01% / 0 / 5376.84; 0.22% / 0 / 214467.07; 0.00% / 0 / 0.00; 1.12% / 873776.09 / 1974803.29; 1.42% / 0 / 1394025.56; 4.42% / 10419518.79 / 14763463.71; 0.02% / 0 / 16542.55; 11.29% / 30342194.69 / 19259076.99; 0.81% / 2201.11 / 800351.14; 0.00% / 0 / 335.83; 4.70% / 488067.90 / 5100229.39; 0.97% / 0 / 956653.09; 0.88% / 127110.18 / 994004.36; 1.67% / 2135118.78 / 496030.31; 0.00% / 0 / 0.00; 0.23% / 670632.09 / 447980.33; 0.00% / 0 / 0.00; 0.06% / 0 / 56921.73; 0.06% / 0 / 57434.28; 0.00% / 0 / 1379.98; 0.42% / 648715.54 / 233329.10; 1.41% / 509270.87 / 1896441.72; 0.53% / 7062.21 / 527685.23; 0.96% / 535520.74 / 1479799.58; 61.17% / 0 / 60061783.04; 0.43% / 0 / 421408.22; 4.13
Prefeitura Municipal de Itambé - PE; 2607653; PE; 36256; 0.07% / 1715010.43 / 1733116.61; 0.24% / 0 / 64015.67; 0.00% / 0 / 0.00; 9.23% / 10457562.11 / 8029051.23; 0.06% / 15174.76 / 491.11; 0.17% / 7938.00 / 53318.37; 0.00% / 0 / 0.00; 1.04% / 1723692.10 / 1998120.53; 8.12% / 3921272.34 / 1786825.05; 14.15% / 12343287.20 / 16063890.82; 0.22% / 0 / 57525.82; 4.23% / 19774746.24 / 20886548.57; 0.37% / 562773.60 / 659749.96; 0.06% / 16820.25 / 20.00; 11.00% / 1726351.63 / 4620108.58; 0.21% / 0 / 54496.31; 4.70% / 58050.00 / 1295373.81; 1.14% / 0 / 299068.02; 0.00% / 0 / 0.00; 3.20% / 0 / 841531.41; 0.00% / 0 / 0.00; 0.02% / 0 / 5119.94; 0.70% / 0 / 184179.16; 0.01% / 0 / 1630.84; 0.09% / 0 / 24573.15; 3.69% / 0 / 971416.64; 2.22% / 19386.80 / 603551.89; 1.03% / 964619.04 / 1234736.49; 31.04% / 53306684.50 / 61468460.00; 2.99% / 0 / 786032.77; 1.52
Prefeitura Municipal de Pimenta Bueno - RO; 1100189; RO; 37230; 1.63% / 2746606.14 / 2295819.43; 0.46% / 0 / 126610.25; 0.17% / 0 / 48042.11; 0.15% / 9493906.36 / 9535172.71; 0.01% / 0 / 3214.27; 1.01% / 0 / 277405.18; 0.00% / 0 / 0.00; 3.87% / 3042454.41 / 1974445.22; 5.95% / 0 / 1641615.67; 8.45% / 18471080.46 / 16141006.73; 0.25% / 0 / 69679.33; 26.19% / 17296666.59 / 24520358.34; 1.17% / 478002.16 / 800983.16; 0.04% / 0 / 11308.51; 7.27% / 3341771.06 / 5347123.72; 0.16% / 82452.50 / 39055.14; 0.56% / 802791.17 / 957845.60; 2.02% / 0 / 556664.65; 0.01% / 6000.00 / 3348.24; 0.96% / 836910.59 / 571767.41; 0.00% / 0 / 0.00; 0.10% / 0 / 28670.69; 1.41% / 0 / 389139.07; 0.05% / 0 / 12912.46; 0.82% / 0 / 226134.19; 5.10% / 1901484.25 / 496050.88; 0.63% / 377725.93 / 552155.51; 7.55% / 3672186.51 / 1590575.31; 20.55% / 62550038.13 / 68217103.79; 3.44% / 0 / 949447.14; 1.50
Prefeitura Municipal de Brumadinho - MG; 3109006; MG; 37314; 1.76% / 6452111.85 / 2226642.05; 1.36% / 3361424.81 / 90131.45; 0.05% / 0 / 118755.74; 5.96% / 23420727.89 / 9085296.33; 0.00% / 0 / 3214.27; 0.08% / 30876.43 / 211650.52; 0.00% / 0 / 0.00; 1.55% / 5740587.15 / 2013492.85; 0.06% / 1129042.00 / 1263370.60; 17.09% / 56644130.32 / 15509090.36; 0.02% / 20146.39 / 68295.39; 8.81% / 45956099.78 / 24746889.25; 0.28% / 1485472.67 / 801726.47; 0.00% / 0 / 10674.40; 4.78% / 16628793.43 / 5120859.09; 0.02% / 0 / 45288.36; 0.10% / 695075.78 / 938789.29; 1.04% / 2775099.58 / 261184.05; 0.00% / 0 / 3348.24; 0.17% / 156235.36 / 553720.58; 0.06% / 134016.51 / 0.00; 0.01% / 0 / 33973.40; 0.70% / 1888797.51 / 201997.61; 0.01% / 0 / 32835.74; 0.75% / 2023310.91 / 226134.19; 3.21% / 8132609.07 / 398625.58; 2.38% / 6231169.01 / 513171.39; 0.17% / 1851272.59 / 1433968.25; 49.37% / 184756999.04 / 65913125.44; 0.21% / 0 / 514014.67; 1.95
Prefeitura Municipal de Santana do Ipanema - AL; 2708006; AL; 47593; 0.03% / 2336097.99 / 2354395.97; 0.11% / 0 / 76703.19; 0.11% / 0 / 79291.15; 5.70% / 6868579.71 / 11021001.80; 0.01% / 6708.19 / 786.23; 0.23% / 0 / 165125.02; 0.00% / 0 / 0.00; 0.70% / 3290825.20 / 2777628.64; 3.67% / 0 / 2672778.98; 47.41% / 56434451.29 / 21917333.42; 0.29% / 0 / 209028.79; 0.58% / 27277778.33 / 27697339.26; 0.39% / 1416656.53 / 1132421.55; 0.03% / 0 / 21962.71; 0.72% / 6525177.00 / 7051702.93; 0.02% / 0 / 17608.85; 0.90% / 0 / 653003.92; 1.44% / 0 / 1045936.75; 0.06% / 0 / 44484.44; 0.44% / 1174346.43 / 854303.29; 0.00% / 0 / 0.00; 0.01% / 0 / 9433.92; 0.24% / 0 / 171620.65; 0.03% / 0 / 24336.97; 0.14% / 122445.50 / 222964.24; 1.08% / 6261.56 / 789359.13; 0.28% / 174873.06 / 378372.09; 2.35% / 0 / 1707665.61; 30.96% / 105634200.79 / 83096589.50; 2.09% / 0 / 1521686.29; 1.50
Prefeitura Municipal de Jales - SP; 3524808; SP; 48825; 1.08% / 1839781.33 / 2273899.64; 0.21% / 0 / 83790.26; 0.28% / 0 / 112823.11; 2.71% / 8536011.63 / 9625868.04; 0.00% / 0 / 1536.84; 0.01% / 394853.72 / 397580.33; 0.00% / 0 / 0.00; 2.09% / 3592757.70 / 2753908.33; 25.44% / 11549627.80 / 1334814.92; 2.10% / 22048825.11 / 21206083.23; 0.36% / 0 / 145035.46; 10.55% / 23622695.95 / 27858673.85; 2.47% / 332980.00 / 1323785.38; 0.01% / 0 / 2009.52; 6.22% / 9022981.22 / 6526025.45; 0.50% / 0 / 200687.20; 2.22% / 0 / 892276.13; 1.37% / 11250.00 / 562926.78; 0.00% / 0 / 0.00; 2.39% / 1663726.81 / 703399.02; 0.08% / 31359.72 / 0.00; 0.01% / 0 / 3582.37; 0.19% / 0 / 76235.38; 0.01% / 0 / 4656.92; 0.56% / 0 / 226678.61; 0.79% / 364077.14 / 681411.27; 2.40% / 1421064.58 / 458573.58; 0.74% / 1836454.77 / 1540670.72; 18.11% / 86268447.48 / 78996932.35; 17.09% / 7722689.41 / 861361.35; 2.04
Prefeitura Municipal de Cristalina - GO; 5206206; GO; 52235; 1.61% / 0 / 2678319.23; 0.08% / 0 / 136456.81; 0.00% / 0 / 0.00; 44.79% / 85791995.71 / 11431291.84; 0.00% / 0 / 1546.74; 0.30% / 0 / 503257.36; 0.00% / 0 / 0.00; 2.08% / 0 / 3451268.36; 1.62% / 0 / 2693350.48; 13.79% / 0 / 22886245.08; 0.09% / 0 / 155152.11; 8.31% / 20604469.02 / 34406788.57; 0.91% / 0 / 1506578.13; 0.02% / 0 / 31936.15; 0.82% / 8664923.80 / 10029162.36; 0.12% / 0 / 191420.66; 2.11% / 7238.95 / 3508661.56; 0.16% / 983354.86 / 712966.46; 0.00% / 0 / 3259.75; 0.01% / 589655.45 / 603048.18; 0.00% / 0 / 0.00; 0.08% / 0 / 128917.22; 0.27% / 0 / 451699.29; 0.00% / 0 / 5054.50; 0.09% / 0 / 153608.75; 1.54% / 0 / 2555797.75; 0.43% / 156390.20 / 862767.53; 4.43% / 10240783.52 / 2894479.30; 15.09% / 127038811.51 / 101983034.18; 1.24% / 0 / 2053663.46; 3.49
Prefeitura Municipal de Itupeva - SP; 3524006; SP; 52627; 3.96% / 8687461.79 / 2720799.32; 1.39% / 2179538.93 / 88861.01; 0.00% / 0 / 0.00; 15.99% / 36491846.38 / 12381314.04; 0.00% / 0 / 1546.74; 5.63% / 9037308.75 / 542930.91; 0.00% / 0 / 0.00; 1.19% / 5300880.66 / 3513380.83; 1.95% / 0 / 2939385.20; 6.76% / 34746652.81 / 24558346.32; 0.17% / 0 / 257988.45; 9.08% / 49177589.33 / 35484739.29; 0.26% / 1904095.32 / 1505884.89; 0.02% / 0 / 31936.15; 1.93% / 6055524.20 / 8965292.05; 0.14% / 0 / 208403.79; 2.62% / 0 / 3956540.45; 0.51% / 51712.46 / 817936.16; 0.00% / 0 / 3259.75; 0.25% / 251860.70 / 633752.05; 0.68% / 1020957.05 / 0.00; 0.09% / 0 / 135289.70; 0.31% / 0 / 468764.72; 1.51% / 2280784.13 / 5054.50; 0.12% / 0 / 178893.91; 0.45% / 2721595.44 / 2047586.36; 2.37% / 4418691.23 / 842115.58; 0.01% / 2994262.09 / 3015492.65; 41.12% / 167320761.27 / 105305494.79; 1.49% / 0 / 2248238.83; 2.19
Prefeitura Municipal de Maués - AM; 1302900; AM; 58834; 0.11% / 3137553.94 / 3185668.06; 0.19% / 0 / 82926.54; 0.49% / 315407.85 / 99761.11; 1.48% / 14610642.53 / 13954730.88; 0.01% / 0 / 6237.74; 2.11% / 2100.00 / 935705.27; 0.00% / 0 / 0.00; 0.08% / 4167275.55 / 4131657.32; 0.98% / 3223316.32 / 3657986.28; 15.17% / 25351886.98 / 32059149.07; 0.60% / 314929.58 / 51666.47; 3.56% / 42014423.01 / 40438835.74; 4.62% / 3605832.13 / 1561310.86; 0.02% / 0 / 10455.16; 20.47% / 0 / 9049915.67; 0.99% / 0 / 436421.26; 0.12% / 2079394.98 / 2131925.73; 0.83% / 596498.12 / 965353.19; 0.00% / 0 / 0.00; 2.45% / 2047007.63 / 963474.48; 0.00% / 0 / 0.00; 0.26% / 0 / 115427.20; 0.28% / 0 / 124326.73; 0.00% / 0 / 1507.56; 0.72% / 0 / 319192.27; 3.69% / 147116.06 / 1779418.55; 1.22% / 509657.39 / 1050891.21; 0.38% / 2371032.13 / 2537773.30; 34.28% / 104494074.20 / 119651717.66; 4.86% / 648.71 / 2151566.20; 1.59
Prefeitura Municipal de Pesqueira - PE; 2610905; PE; 65770; 0.87% / 2909803.57 / 3331346.92; 0.61% / 0 / 294943.70; 0.10% / 0 / 50728.38; 11.20% / 8181369.29 / 13611254.00; 0.00% / 0 / 0.00; 1.31% / 674.92 / 637373.81; 0.00% / 0 / 0.00; 2.66% / 2345950.49 / 3634692.56; 0.01% / 3786870.87 / 3791753.09; 7.43% / 24639558.83 / 28239453.13; 0.13% / 0 / 60778.00; 8.28% / 32781760.59 / 36795562.25; 0.78% / 1622801.01 / 1244833.83; 0.02% / 37552.30 / 47006.24; 3.45% / 7980498.32 / 9652308.64; 0.24% / 3751.45 / 121406.60; 3.90% / 293893.65 / 2185270.68; 1.59% / 7962.98 / 779824.58; 0.01% / 3599.00 / 0.00; 0.64% / 1183516.96 / 875339.92; 0.00% / 149.00 / 0.00; 0.60% / 0 / 290353.54; 0.77% / 175522.23 / 547192.03; 0.09% / 0 / 44039.00; 0.58% / 51761.40 / 335062.38; 2.43% / 2016.00 / 1178061.61; 1.56% / 231874.18 / 989244.37; 0.25% / 2348544.56 / 2229201.24; 46.16% / 88589431.60 / 110967030.51; 4.35% / 0 / 2108835.39; 1.52
Prefeitura Municipal de Farroupilha - RS; 4307906; RS; 68030; 1.02% / 1844753.84 / 3098319.85; 0.24% / 0 / 297057.08; 0.17% / 0 / 213377.33; 16.33% / 32104302.65 / 12080765.13; 0.00% / 0 / 0.00; 0.29% / 760650.21 / 1121924.84; 0.00% / 6050.79 / 0.00; 0.80% / 4108089.22 / 3122471.58; 1.35% / 1953152.96 / 3605502.93; 8.23% / 44002953.34 / 33913343.20; 0.89% / 1192687.69 / 103791.43; 9.90% / 49277758.04 / 37140664.27; 0.67% / 486251.88 / 1312508.22; 0.06% / 149.00 / 73235.75; 2.85% / 6022674.65 / 9513795.80; 0.79% / 1071791.49 / 107068.00; 1.83% / 755131.74 / 2996667.29; 3.22% / 4468579.18 / 515607.60; 0.02% / 0 / 25902.83; 0.90% / 2262386.07 / 1152959.31; 0.00% / 0 / 0.00; 0.04% / 98336.20 / 47174.05; 0.13% / 388652.20 / 550418.25; 0.02% / 0 / 20780.81; 0.34% / 0 / 411686.01; 5.12% / 7504378.16 / 1228645.18; 0.26% / 840100.38 / 1162748.81; 0.53% / 2360244.51 / 3009758.84; 36.44% / 161509074.20 / 116826174.37; 7.53% / 11607612.71 / 2372194.31; 3.56
Prefeitura Municipal de Picos - PI; 2208007; PI; 76309; 0.83% / 3697639.57 / 4367405.59; 1.40% / 1144652.61 / 18930.46; 0.60% / 884945.28 / 399548.80; 15.03% / 29709336.19 / 17641442.23; 0.00% / 0 / 0.00; 1.54% / 86509.46 / 1319579.79; 0.00% / 0 / 0.00; 3.11% / 2100265.86 / 4595322.45; 0.14% / 3909408.25 / 4022934.87; 5.56% / 47217784.18 / 42752018.74; 0.12% / 0 / 96336.97; 14.53% / 29983393.72 / 41643750.92; 1.80% / 0 / 1444384.07; 0.12% / 0 / 96767.53; 16.40% / 118956.96 / 13282706.75; 0.10% / 0 / 77804.57; 0.52% / 3752127.66 / 4165837.34; 1.14% / 305894.47 / 1223298.46; 0.08% / 0 / 61086.76; 0.08% / 1031339.59 / 963319.57; 0.00% / 3000.00 / 0.00; 0.17% / 0 / 137156.93; 0.48% / 0 / 386986.58; 0.01% / 0 / 5728.39; 0.34% / 0 / 273512.93; 1.41% / 0 / 1129201.92; 1.49% / 259254.82 / 1455705.53; 4.07% / 0 / 3268231.26; 25.69% / 124204508.62 / 144828999.41; 3.23% / 0 / 2594847.70; 1.76
Prefeitura Municipal de Sorriso - MT; 5107925; MT; 77735; 1.52% / 6138282.60 / 4711476.96; 0.68% / 657551.11 / 18930.46; 0.43% / 0 / 406157.36; 4.82% / 21482838.60 / 16956581.56; 0.00% / 0 / 0.00; 0.93% / 246965.34 / 1123775.87; 0.00% / 0 / 0.00; 2.80% / 7149251.70 / 4521453.32; 0.94% / 4094750.50 / 4978453.44; 4.87% / 47836417.52 / 43265286.63; 0.09% / 0 / 80302.91; 0.76% / 44942728.44 / 44230160.33; 0.98% / 349391.14 / 1268108.73; 0.13% / 0 / 120026.90; 7.51% / 20914555.76 / 13864003.33; 0.21% / 133.00 / 196588.88; 5.10% / 0 / 4792817.02; 1.16% / 50290.00 / 1136259.34; 0.07% / 0 / 61086.76; 2.55% / 3365933.90 / 973047.19; 6.35% / 5957566.76 / 0.00; 4.78% / 4683483.77 / 194062.53; 2.35% / 2817393.11 / 609452.16; 0.01% / 0 / 5728.39; 0.07% / 427335.41 / 493183.34; 4.78% / 5855871.65 / 1366345.97; 3.08% / 4258947.44 / 1363613.81; 1.25% / 3265801.47 / 4437857.63; 35.49% / 184495489.22 / 151174760.80; 6.30% / 8144651.08 / 2226360.47; 2.16
Prefeitura Municipal de Goiana - PE; 2606200; PE; 78287; 0.67% / 5954806.48 / 5353534.87; 0.05% / 0 / 47742.83; 1.43% / 0 / 1283647.65; 6.62% / 23283920.95 / 17327263.02; 0.00% / 0 / 0.00; 1.68% / 0 / 1515704.59; 0.00% / 0 / 0.00; 2.29% / 3186529.71 / 5246727.56; 12.18% / 17577148.51 / 6605451.21; 17.35% / 31038194.01 / 46661101.13; 0.07% / 0 / 58628.13; 5.77% / 43277388.18 / 48470050.73; 3.96% / 5263104.68 / 1693292.73; 0.14% / 0 / 126026.90; 4.81% / 20421011.69 / 16088080.12; 0.23% / 0 / 203674.53; 4.63% / 0 / 4173009.99; 1.31% / 0 / 1182366.25; 0.23% / 304644.58 / 94498.71; 1.38% / 0 / 1240749.79; 0.00% / 0 / 0.00; 0.20% / 0 / 182754.93; 0.23% / 496358.14 / 706029.37; 0.33% / 304326.78 / 9687.15; 0.53% / 0 / 479327.95; 1.57% / 0 / 1417324.17; 1.93% / 0 / 1738511.45; 4.99% / 1404.10 / 4496089.10; 16.98% / 151108837.81 / 166401274.85; 8.42% / 10047428.97 / 2462742.04; 1.51
Prefeitura Municipal de Senador Canedo - GO; 5220454; GO; 97719; 1.93% / 12029361.52 / 6940223.32; 0.45% / 1438193.77 / 262837.59; 0.19% / 0 / 495005.00; 7.65% / 44276705.98 / 24144086.32; 0.00% / 0 / 0.00; 1.19% / 238518.83 / 3364110.92; 0.00% / 0 / 0.00; 2.85% / 0 / 7491521.37; 1.32% / 6209810.42 / 9686043.22; 6.28% / 72840525.05 / 56306888.99; 0.04% / 381989.56 / 499773.82; 8.55% / 86685914.78 / 64187960.59; 1.17% / 1222240.75 / 4298020.65; 4.11% / 10875721.85 / 51034.55; 14.41% / 60014821.28 / 22093354.42; 0.72% / 0 / 1900587.86; 5.15% / 18326819.05 / 4762351.06; 0.24% / 1932766.66 / 1292300.90; 0.05% / 0 / 129594.30; 0.45% / 45936.60 / 1239084.93; 0.00% / 0 / 0.00; 0.04% / 0 / 117428.70; 0.22% / 1333485.07 / 748287.81; 0.00% / 0 / 7065.47; 0.10% / 0 / 260743.59; 1.50% / 223982.18 / 4161265.09; 0.17% / 2289229.55 / 1833080.51; 0.84% / 6205747.38 / 8412684.60; 38.72% / 326571770.28 / 224685335.60; 1.63% / 0 / 4290916.43; 2.72
Prefeitura Municipal de Paranaguá - PR; 4118204; PR; 149467; 2.39% / 0 / 7717079.40; 0.24% / 0 / 775623.28; 0.06% / 4234.20 / 203271.08; 10.31% / 76643172.91 / 43301555.06; 0.00% / 0 / 2769.14; 0.90% / 599624.55 / 3501292.08; 0.00% / 0 / 0.00; 3.37% / 722293.14 / 11611577.20; 4.87% / 139745.05 / 15896191.64; 14.48% / 41872502.30 / 88704273.59; 0.06% / 1882647.85 / 1700131.38; 5.67% / 71007615.07 / 89347131.69; 0.76% / 0 / 2453829.33; 0.18% / 238.40 / 566971.02; 6.42% / 11739475.18 / 32510388.06; 0.27% / 0 / 877123.15; 3.99% / 675.65 / 12893151.92; 1.06% / 99636.28 / 3530269.55; 0.04% / 0 / 122084.61; 0.39% / 92984.51 / 1354695.31; 0.00% / 0 / 0.00; 0.25% / 0 / 811473.75; 0.49% / 0 / 1589008.04; 0.06% / 7486.98 / 189926.42; 0.34% / 0 / 1086559.86; 1.32% / 106639.60 / 4380236.78; 1.31% / 0 / 4237784.01; 1.31% / 14692089.28 / 10451824.67; 37.16% / 219611060.95 / 339816222.00; 2.32% / 0 / 7505308.04; 1.57
Prefeitura Municipal de Palhoça - SC; 4211900; SC; 154244; 0.99% / 9650206.91 / 7865255.51; 0.55% / 1763468.51 / 775623.28; 0.15% / 0 / 261223.28; 0.99% / 41716398.11 / 43499628.57; 0.00% / 0 / 2769.14; 1.35% / 5666524.43 / 3246195.22; 0.00% / 0 / 0.00; 0.15% / 10939382.25 / 11210810.75; 2.80% / 9950237.00 / 14990008.58; 18.92% / 55963896.17 / 89974156.11; 0.66% / 0 / 1183774.98; 1.84% / 86236628.27 / 89546583.33; 1.06% / 526102.85 / 2429915.60; 0.31% / 0 / 562030.18; 12.20% / 11053333.61 / 32990546.77; 0.16% / 569603.90 / 864644.00; 11.96% / 34404784.88 / 12902192.41; 1.07% / 1284648.05 / 3207349.27; 0.07% / 0 / 122084.61; 0.01% / 1270968.99 / 1248874.33; 0.20% / 353451.73 / 0.00; 0.36% / 0 / 646660.26; 0.51% / 679555.24 / 1589008.04; 0.07% / 0 / 123110.12; 5.58% / 11214967.32 / 1185137.03; 2.36% / 0 / 4248528.78; 1.20% / 1993465.60 / 4151267.17; 3.58% / 2448556.66 / 8879888.05; 27.82% / 287686180.48 / 337707265.38; 3.08% / 13518064.26 / 7989134.86; 1.88
Prefeitura Municipal de Sobral - CE; 2312908; CE; 199750; 0.14% / 11832668.69 / 12225773.24; 0.70% / 0 / 2021977.08; 0.11% / 0 / 313453.87; 12.30% / 85177037.22 / 49706847.19; 0.00% / 0 / 1948.28; 2.27% / 0 / 6541710.48; 0.00% / 0 / 0.00; 0.87% / 9687679.58 / 12182961.50; 6.61% / 0 / 19063724.31; 32.18% / 203509072.50 / 110686728.23; 0.46% / 563337.47 / 1896039.33; 2.45% / 122118856.60 / 115049057.67; 1.61% / 6932019.30 / 2301312.22; 0.14% / 0 / 414208.77; 8.35% / 19003453.85 / 43079022.91; 0.05% / 1407424.29 / 1549615.28; 0.34% / 12473693.20 / 13466602.51; 0.64% / 1057358.95 / 2901967.31; 0.10% / 497648.84 / 214487.31; 0.19% / 555996.47 / 1113373.16; 0.00% / 2280.00 / 0.00; 0.03% / 404186.98 / 477772.62; 0.53% / 0 / 1523602.88; 0.03% / 0 / 81719.77; 0.62% / 194615.54 / 1972051.43; 2.88% / 0 / 8313014.58; 0.12% / 3592148.37 / 3950593.51; 4.29% / 0 / 12378208.67; 19.27% / 479009477.85 / 423427774.13; 2.74% / 0 / 7892822.89; 1.54
Prefeitura Municipal de Criciúma - SC; 4204608; SC; 204667; 0.71% / 11670505.63 / 13406754.04; 0.38% / 624966.73 / 1547002.59; 0.01% / 187731.21 / 173017.77; 10.44% / 78161245.11 / 52657344.07; 0.00% / 0 / 3933.96; 0.22% / 7611291.65 / 8136673.17; 0.00% / 0 / 0.00; 0.58% / 14179353.40 / 12774691.51; 2.42% / 14471166.76 / 20378835.64; 25.00% / 181263543.60 / 120204210.64; 0.90% / 0 / 2195063.64; 3.42% / 124606584.53 / 116264110.22; 0.19% / 2359276.51 / 2834747.57; 0.05% / 387755.60 / 501834.97; 18.69% / 0 / 45656227.79; 0.40% / 578279.50 / 1561321.17; 7.68% / 1701845.25 / 20473637.41; 3.96% / 14472235.76 / 4800309.42; 0.09% / 0 / 214487.31; 0.28% / 568342.77 / 1252086.77; 0.00% / 0 / 0.00; 0.17% / 89584.36 / 498452.37; 0.48% / 0 / 1171465.57; 0.03% / 0 / 81122.92; 0.68% / 0 / 1670915.28; 0.17% / 8099937.81 / 8517154.21; 0.66% / 2830464.85 / 4430973.75; 4.82% / 25902952.36 / 14124954.13; 14.01% / 489767063.39 / 455531327.88; 3.57% / 0 / 8729777.24; 1.53
Prefeitura Municipal de Contagem - MG; 3118601; MG; 643476; 0.29% / 35271784.86 / 37258366.44; 0.32% / 0 / 2236814.38; 0.36% / 4420518.87 / 1884522.45; 9.39% / 105069983.96 / 170425071.79; 0.00% / 0 / 0.00; 0.76% / 20467174.91 / 15190986.29; 0.03% / 200000.00 / 0.00; 1.17% / 38356754.91 / 30214125.75; 2.63% / 122952493.24 / 141241075.38; 16.53% / 323897579.59 / 438926951.20; 0.15% / 3025783.95 / 4057516.92; 2.98% / 305424181.34 / 326156947.55; 1.04% / 2475979.84 / 9687404.47; 0.18% / 2316646.38 / 1070728.42; 3.19% / 79976070.71 / 102146589.25; 0.66% / 10989320.40 / 6425981.54; 6.42% / 5810406.02 / 50497399.95; 6.07% / 54483892.29 / 12259418.53; 0.30% / 0 / 2096495.47; 0.30% / 0 / 2069733.99; 0.00% / 0 / 0.00; 0.16% / 1114877.26 / 3500.00; 0.21% / 0 / 1436484.31; 0.39% / 0 / 2710581.04; 0.12% / 0 / 811158.99; 3.43% / 0 / 23840256.13; 0.87% / 4954157.87 / 11024356.16; 0.43% / 56083360.17 / 53071239.29; 38.71% / 1177290966.57 / 1446743705.69; 2.94% / 67709082.98 / 47240052.36; 3.56
Prefeitura Municipal de Santo André - SP; 3547809; SP; 707613; 0.07% / 38051340.09 / 37258366.44; 1.33% / 16570119.40 / 2236814.38; 0.17% / 0 / 1884522.45; 14.80% / 330488704.36 / 170425071.79; 0.04% / 459035.59 / 0.00; 2.70% / 44399772.99 / 15190986.29; 0.01% / 76906.72 / 0.00; 0.14% / 31746554.97 / 30214125.75; 2.47% / 167923293.91 / 141241075.38; 3.31% / 403167811.01 / 438926951.20; 0.11% / 2866524.94 / 4057516.92; 4.43% / 278254231.90 / 326156947.55; 0.53% / 15413860.64 / 9687404.47; 0.36% / 4944105.00 / 1070728.42; 2.86% / 71243763.53 / 102146589.25; 1.76% / 25461797.73 / 6425981.54; 12.80% / 188938841.05 / 50497399.95; 6.16% / 78905728.27 / 12259418.53; 0.19% / 0 / 2096495.47; 0.15% / 422840.13 / 2069733.99; 0.00% / 0 / 0.00; 0.00% / 0 / 3500.00; 0.13% / 0 / 1436484.31; 0.25% / 0 / 2710581.04; 0.08% / 0 / 811158.99; 2.99% / 56150904.76 / 23840256.13; 0.50% / 16461859.49 / 11024356.16; 4.01% / 9694900.12 / 53071239.29; 30.98% / 1781642896.60 / 1446743705.69; 6.65% / 119164632.49 / 47240052.36; 3.36
Prefeitura Municipal de São Bernardo do Campo - SP; 3548708; SP; 811489; 0.37% / 50682833.91 / 37258366.44; 0.06% / 0 / 2236814.38; 0.31% / 13299802.04 / 1884522.45; 0.27% / 160571925.46 / 170425071.79; 0.00% / 0 / 0.00; 1.05% / 53682916.23 / 15190986.29; 0.04% / 1346266.40 / 0.00; 0.64% / 53739803.03 / 30214125.75; 5.17% / 330942763.15 / 141241075.38; 12.11% / 883754884.40 / 438926951.20; 0.16% / 9878991.68 / 4057516.92; 9.08% / 659433360.12 / 326156947.55; 0.26% / 19396508.95 / 9687404.47; 0.00% / 1238449.76 / 1070728.42; 8.08% / 398928542.22 / 102146589.25; 1.61% / 65506931.56 / 6425981.54; 1.30% / 2833393.56 / 50497399.95; 0.19% / 5435154.46 / 12259418.53; 0.06% / 0 / 2096495.47; 0.06% / 0 / 2069733.99; 0.00% / 0 / 0.00; 0.00% / 50308.06 / 3500.00; 0.26% / 11080170.77 / 1436484.31; 0.62% / 25605670.81 / 2710581.04; 0.02% / 0 / 811158.99; 5.95% / 242181034.03 / 23840256.13; 0.32% / 22912231.04 / 11024356.16; 2.33% / 138554606.33 / 53071239.29; 46.41% / 3151056547.97 / 1446743705.69; 3.28% / 167764836.46 / 47240052.36; 3.91
Prefeitura Municipal de Campinas - SP; 3509502; SP; 1154617; 0.71% / 66603915.12 / 37258366.44; 0.05% / 0 / 2236814.38; 0.05% / 0 / 1884522.45; 4.32% / 349949815.42 / 170425071.79; 0.00% / 0 / 0.00; 0.90% / 52595636.27 / 15190986.29; 0.00% / 32320.97 / 0.00; 2.01% / 113950080.21 / 30214125.75; 8.22% / 483002762.13 / 141241075.38; 12.38% / 953684674.56 / 438926951.20; 0.07% / 6954401.29 / 4057516.92; 8.52% / 680582878.35 / 326156947.55; 0.74% / 40481592.98 / 9687404.47; 0.02% / 299787.45 / 1070728.42; 4.44% / 286876715.86 / 102146589.25; 0.32% / 19675299.76 / 6425981.54; 1.21% / 0 / 50497399.95; 0.27% / 938523.74 / 12259418.53; 0.04% / 280000.00 / 2096495.47; 0.05% / 1868.58 / 2069733.99; 0.00% / 0 / 0.00; 0.00% / 9454.81 / 3500.00; 0.42% / 19055509.14 / 1436484.31; 0.07% / 0 / 2710581.04; 0.02% / 0 / 811158.99; 1.96% / 105238773.57 / 23840256.13; 0.19% / 3031767.09 / 11024356.16; 3.16% / 184356666.77 / 53071239.29; 46.19% / 3367602444.07 / 1446743705.69; 3.68% / 200137529.73 / 47240052.36; 2.82
Prefeitura Municipal de Porto Alegre - RS; 4314902; RS; 1472482; 1.17% / 119654598.48 / 37258366.44; 0.33% / 25448833.43 / 2236814.38; 0.03% / 0 / 1884522.45; 2.27% / 330185018.52 / 170425071.79; 0.00% / 252277.66 / 0.00; 0.38% / 42171279.62 / 15190986.29; 0.01% / 791802.77 / 0.00; 2.06% / 175454707.58 / 30214125.75; 2.21% / 296863189.09 / 141241075.38; 13.80% / 1411514676.69 / 438926951.20; 0.07% / 9191973.59 / 4057516.92; 6.54% / 787032262.02 / 326156947.55; 0.55% / 48351425.40 / 9687404.47; 0.16% / 12465004.81 / 1070728.42; 1.73% / 224071785.21 / 102146589.25; 1.28% / 96330905.13 / 6425981.54; 9.83% / 743466562.55 / 50497399.95; 0.57% / 52495941.12 / 12259418.53; 0.02% / 622727.87 / 2096495.47; 0.02% / 705011.96 / 2069733.99; 0.00% / 0 / 0.00; 0.00% / 0 / 3500.00; 0.40% / 29353585.64 / 1436484.31; 0.04% / 0 / 2710581.04; 0.01% / 0 / 811158.99; 0.11% / 15816640.53 / 23840256.13; 0.14% / 21009452.52 / 11024356.16; 4.52% / 371388411.51 / 53071239.29; 47.80% / 4814638073.70 / 1446743705.69; 3.95% / 325390941.15 / 47240052.36; 3.46
Prefeitura Municipal de São Paulo - SP; 3550308; SP; 11895893; 0.71% / 609521426.96 / 37258366.44; 0.00% / 4583853.09 / 2236814.38; 0.00% / 0 / 1884522.45; 6.26% / 5186434621.08 / 170425071.79; 0.00% / 0 / 0.00; 0.15% / 139063631.01 / 15190986.29; 0.00% / 275991.58 / 0.00; 0.98% / 811279938.59 / 30214125.75; 8.33% / 6812925523.55 / 141241075.38; 7.04% / 6073667167.78 / 438926951.20; 0.50% / 404604439.96 / 4057516.92; 8.75% / 7333581452.67 / 326156947.55; 0.34% / 284201192.73 / 9687404.47; 0.01% / 9094785.97 / 1070728.42; 8.38% / 6814869346.59 / 102146589.25; 0.14% / 115890358.22 / 6425981.54; 0.11% / 142532075.65 / 50497399.95; 0.29% / 246487255.07 / 12259418.53; 0.95% / 761094082.44 / 2096495.47; 0.00% / 687706.62 / 2069733.99; 0.00% / 0 / 0.00; 0.07% / 55076950.59 / 3500.00; 0.20% / 165007317.10 / 1436484.31; 0.00% / 0 / 2710581.04; 0.00% / 0 / 811158.99; 0.00% / 27567072.10 / 23840256.13; 0.19% / 163244864.29 / 11024356.16; 6.54% / 5288221374.19 / 53071239.29; 49.96% / 41449912427.83 / 1446743705.69; 0.06% / 0 / 47240052.36; 3.27
